1959-01-01,0.005
1959-04-01,0.002
1959-07-01,0.017
1959-10-01,0.056
1960-01-01,0.118
1960-04-01,0.176
1960-07-01,0.215
1960-10-01,0.259
1961-01-01,0.225
1961-04-01,0.26
1961-07-01,0.273
1961-10-01,0.286
1962-01-01,0.293
1962-04-01,0.298
1962-07-01,0.35
1962-10-01,0.447
1963-01-01,0.576
1963-04-01,0.717
1963-07-01,0.806
1963-10-01,0.841
1964-01-01,0.95
1964-04-01,0.947
1964-07-01,0.888
1964-10-01,0.927
1965-01-01,1.02
1965-04-01,1.076
1965-07-01,1.219
1965-10-01,1.341
1966-01-01,1.439
1966-04-01,1.621
1966-07-01,1.766
1966-10-01,1.966
1967-01-01,1.86
1967-04-01,1.859
1967-07-01,1.818
1967-10-01,1.935
1968-01-01,1.871
1968-04-01,1.908
1968-07-01,1.979
1968-10-01,1.938
1969-01-01,2.096
1969-04-01,2.408
1969-07-01,2.564
1969-10-01,2.696
1970-01-01,3.113
1970-04-01,2.95
1970-07-01,2.429
1970-10-01,2.396
1971-01-01,2.272
1971-04-01,2.793
1971-07-01,2.912
1971-10-01,3.119
1972-01-01,3.717
1972-04-01,3.446
1972-07-01,3.498
1972-10-01,3.231
1973-01-01,3.43
1973-04-01,3.666
1973-07-01,3.398
1973-10-01,3.662
1974-01-01,3.455
1974-04-01,3.188
1974-07-01,4.426
1974-10-01,4.403
1975-01-01,4.084
1975-04-01,3.535
1975-07-01,3.273
1975-10-01,3.452
1976-01-01,3.677
1976-04-01,4.391
1976-07-01,4.512
1976-10-01,5.028
1977-01-01,5.21
1977-04-01,5.629
1977-07-01,5.753
1977-10-01,6.068
1978-01-01,6.271
1978-04-01,7.343
1978-07-01,7.955
1978-10-01,8.683
1979-01-01,9.3
1979-04-01,9.827
1979-07-01,10.408
1979-10-01,11.117
1980-01-01,10.947
1980-04-01,11.872
1980-07-01,13.477
1980-10-01,13.796
1981-01-01,15.397
1981-04-01,15.858
1981-07-01,17.247
1981-10-01,20.01
1982-01-01,20.802
1982-04-01,18.118
1982-07-01,18.343
1982-10-01,18.221
1983-01-01,21.312
1983-04-01,23.297
1983-07-01,25.166
1983-10-01,25.789
1984-01-01,27.681
1984-04-01,30.127
1984-07-01,32.938
1984-10-01,35.69
1985-01-01,33.313
1985-04-01,35.044
1985-07-01,32.405
1985-10-01,34.174
1986-01-01,33.662
1986-04-01,34.348
1986-07-01,32.34
1986-10-01,33.29
1987-01-01,34.971
1987-04-01,35.082
1987-07-01,36.333
1987-10-01,36.662
1988-01-01,36.618
1988-04-01,37.729
1988-07-01,38.578
1988-10-01,38.897
1989-01-01,40.999
1989-04-01,43.749
1989-07-01,44.275
1989-10-01,43.347
1990-01-01,40.949
1990-04-01,38.612
1990-07-01,36.552
1990-10-01,38.458
1991-01-01,36.366
1991-04-01,36.522
1991-07-01,37.561
1991-10-01,40.367
1992-01-01,40.147
1992-04-01,44.507
1992-07-01,45.933
1992-10-01,45.465
1993-01-01,47.722
1993-04-01,46.737
1993-07-01,49.235
1993-10-01,48.046
1994-01-01,50.057
1994-04-01,51.417
1994-07-01,52.338
1994-10-01,55.728
1995-01-01,59.089
1995-04-01,65.84
1995-07-01,67.047
1995-10-01,72.464
1996-01-01,72.466
1996-04-01,71.489
1996-07-01,73.526
1996-10-01,73.691
1997-01-01,76.542
1997-04-01,80.365
1997-07-01,84.922
1997-10-01,83.673
1998-01-01,87.722
1998-04-01,88.608
1998-07-01,86.447
1998-10-01,88.773
1999-01-01,94.516
1999-04-01,99.863
1999-07-01,99.497
1999-10-01,95.051
2000-01-01,97.56
2000-04-01,104.882
2000-07-01,105.786
2000-10-01,104.486
2001-01-01,99.654
2001-04-01,89.963
2001-07-01,79.827
2001-10-01,80.779
2002-01-01,82.5
2002-04-01,79.259
2002-07-01,80.483
2002-10-01,76.657
2003-01-01,77.262
2003-04-01,77.132
2003-07-01,80.651
2003-10-01,84.619
2004-01-01,82.061
2004-04-01,83.228
2004-07-01,84.527
2004-10-01,86.885
2005-01-01,82.661
2005-04-01,82.784
2005-07-01,83.899
2005-10-01,87.445
2006-01-01,90.61
2006-04-01,91.295
2006-07-01,94.789
2006-10-01,93.51
2007-01-01,96.238
2007-04-01,92.852
2007-07-01,94.677
2007-10-01,97.772
2008-01-01,98.184
2008-04-01,97.751
2008-07-01,93.562
2008-10-01,86.137
2009-01-01,85.261
2009-04-01,86.661
2009-07-01,88.455
2009-10-01,95.403
2010-01-01,99.228
2010-04-01,102.194
2010-07-01,100.787
2010-10-01,96.11
2011-01-01,90.959
2011-04-01,95.805
2011-07-01,98.485
2011-10-01,97.097
2012-01-01,105.863
2012-04-01,104.555
2012-07-01,100.525
2012-10-01,103.178
2013-01-01,105.183
2013-04-01,99.39
2013-07-01,100.353
2013-10-01,103.614
2014-01-01,99.772
2014-04-01,102.428
2014-07-01,101.572
2014-10-01,103.998
2015-01-01,101.982
2015-04-01,101.786
2015-07-01,103.189
2015-10-01,98.36
2016-01-01,101.444
2016-04-01,100.175
2016-07-01,97.466
2016-10-01,98.766
2017-01-01,99.8
2017-04-01,104.172
2017-07-01,109.819
2017-10-01,109.321
2018-01-01,118.369
2018-04-01,122.349
2018-07-01,122.066
2018-10-01,118.991
2019-01-01,118.754
2019-04-01,123.257
2019-07-01,115.679
2019-10-01,117.92
2020-01-01,114.983
2020-04-01,125.118
2020-07-01,129.751
2020-10-01,136.318
2021-01-01,143.705
2021-04-01,143.417
2021-07-01,147.152
2021-10-01,154.372
2022-01-01,162.608
2022-04-01,159.521
2022-07-01,163.695
2022-10-01,155.208
2023-01-01,148.085
2023-04-01,147.456
2023-07-01,145.642
2023-10-01,155.071
2024-01-01,165.506
2024-04-01,175.579
2024-07-01,187.72
2024-10-01,186.118
2025-01-01,222.838
2025-04-01,253.788
2025-07-01,280.934
2025-10-01,325.358
2026-01-01,384.178
2026-04-01,400.629
