1992-01-01,50251
1992-02-01,51682
1992-03-01,50294
1992-04-01,50302
1992-05-01,50044
1992-06-01,51727
1992-07-01,52533
1992-08-01,50940
1992-09-01,51984
1992-10-01,53035
1992-11-01,52246
1992-12-01,51843
1993-01-01,52568
1993-02-01,52480
1993-03-01,53035
1993-04-01,53139
1993-05-01,54229
1993-06-01,52346
1993-07-01,52818
1993-08-01,53224
1993-09-01,53648
1993-10-01,55476
1993-11-01,54345
1993-12-01,55552
1994-01-01,55159
1994-02-01,53729
1994-03-01,58307
1994-04-01,56436
1994-05-01,57342
1994-06-01,58451
1994-07-01,58492
1994-08-01,60407
1994-09-01,60715
1994-10-01,59861
1994-11-01,61532
1994-12-01,62825
1995-01-01,63118
1995-02-01,63077
1995-03-01,64349
1995-04-01,65074
1995-05-01,65755
1995-06-01,64855
1995-07-01,66560
1995-08-01,67469
1995-09-01,68943
1995-10-01,68105
1995-11-01,68009
1995-12-01,69071
1996-01-01,68299
1996-02-01,69899
1996-03-01,69797
1996-04-01,70126
1996-05-01,71029
1996-06-01,71056
1996-07-01,69404
1996-08-01,70563
1996-09-01,70553
1996-10-01,73769
1996-11-01,74263
1996-12-01,72842
1997-01-01,72910
1997-02-01,75225
1997-03-01,77050
1997-04-01,77769
1997-05-01,77883
1997-06-01,78889
1997-07-01,80099
1997-08-01,78622
1997-09-01,79287
1997-10-01,79383
1997-11-01,78300
1997-12-01,79038
1998-01-01,79008
1998-02-01,77931
1998-03-01,78812
1998-04-01,77626
1998-05-01,77147
1998-06-01,76961
1998-07-01,76149
1998-08-01,75512
1998-09-01,77179
1998-10-01,79351
1998-11-01,79117
1998-12-01,78382
1999-01-01,78341.0
1999-02-01,78088.0
1999-03-01,78542.0
1999-04-01,79380.0
1999-05-01,79381.0
1999-06-01,79642.0
1999-07-01,80945.0
1999-08-01,82462.0
1999-09-01,83536.0
1999-10-01,83740.0
1999-11-01,84443.0
1999-12-01,86006.0
2000-01-01,85858.0
2000-02-01,86408.0
2000-03-01,88004.0
2000-04-01,89120.0
2000-05-01,88787.0
2000-06-01,91453.0
2000-07-01,91015.0
2000-08-01,92932.0
2000-09-01,92705.0
2000-10-01,91984.0
2000-11-01,91735.0
2000-12-01,90857.0
2001-01-01,90634.0
2001-02-01,90964.0
2001-03-01,89132.0
2001-04-01,87696.0
2001-05-01,88326.0
2001-06-01,85784.0
2001-07-01,83030.0
2001-08-01,83714.0
2001-09-01,79361.0
2001-10-01,78933.0
2001-11-01,78324.0
2001-12-01,77677.0
2002-01-01,79163.0
2002-02-01,79170.0
2002-03-01,80198.0
2002-04-01,81971.0
2002-05-01,82297.0
2002-06-01,83434.0
2002-07-01,83586.0
2002-08-01,83561.0
2002-09-01,83346.0
2002-10-01,82627.0
2002-11-01,83793.0
2002-12-01,81444.0
2003-01-01,82400.0
2003-02-01,82985.0
2003-03-01,83070.0
2003-04-01,82431.0
2003-05-01,82516.0
2003-06-01,85062.0
2003-07-01,85792.0
2003-08-01,84754.0
2003-09-01,86816.0
2003-10-01,88756.0
2003-11-01,91201.0
2003-12-01,90895.0
2004-01-01,90425.0
2004-02-01,93992.0
2004-03-01,96577.0
2004-04-01,96251.0
2004-05-01,98054.0
2004-06-01,95626.0
2004-07-01,96734.0
2004-08-01,97138.0
2004-09-01,98630.0
2004-10-01,100357.0
2004-11-01,99974.0
2004-12-01,102659.0
2005-01-01,103074.0
2005-02-01,103865.0
2005-03-01,104915.0
2005-04-01,107174.0
2005-05-01,106924.0
2005-06-01,106875.0
2005-07-01,106902.0
2005-08-01,108294.0
2005-09-01,106987.0
2005-10-01,109680.0
2005-11-01,111345.0
2005-12-01,113695.0
2006-01-01,115721.0
2006-02-01,116751.0
2006-03-01,118748.0
2006-04-01,119472.0
2006-05-01,121035.0
2006-06-01,122610.0
2006-07-01,120297.0
2006-08-01,122639.0
2006-09-01,123899.0
2006-10-01,125384.0
2006-11-01,127236.0
2006-12-01,128648.0
2007-01-01,130503.0
2007-02-01,129339.0
2007-03-01,133718.0
2007-04-01,133265.0
2007-05-01,135697.0
2007-06-01,137162.0
2007-07-01,138418.0
2007-08-01,141367.0
2007-09-01,141905.0
2007-10-01,144350.0
2007-11-01,146087.0
2007-12-01,147257.0
2008-01-01,150956.0
2008-02-01,153550.0
2008-03-01,152710.0
2008-04-01,157344.0
2008-05-01,158905.0
2008-06-01,163882.0
2008-07-01,166061.0
2008-08-01,163121.0
2008-09-01,154398.0
2008-10-01,151679.0
2008-11-01,142823.0
2008-12-01,132287.0
2009-01-01,125759.0
2009-02-01,127809.0
2009-03-01,126392.0
2009-04-01,125231.0
2009-05-01,127224.0
2009-06-01,129658.0
2009-07-01,131729.0
2009-08-01,132383.0
2009-09-01,136853.0
2009-10-01,140852.0
2009-11-01,141862.0
2009-12-01,145296.0
2010-01-01,145548.0
2010-02-01,146693.0
2010-03-01,150886.0
2010-04-01,149918.0
2010-05-01,153650.0
2010-06-01,153138.0
2010-07-01,156610.0
2010-08-01,157589.0
2010-09-01,158424.0
2010-10-01,164019.0
2010-11-01,165412.0
2010-12-01,168290.0
2011-01-01,169744.0
2011-02-01,168560.0
2011-03-01,176613.0
2011-04-01,178648.0
2011-05-01,178690.0
2011-06-01,176706.0
2011-07-01,181330.0
2011-08-01,182313.0
2011-09-01,183637.0
2011-10-01,182419.0
2011-11-01,180552.0
2011-12-01,182165.0
2012-01-01,182292.0
2012-02-01,185008.0
2012-03-01,188390.0
2012-04-01,187043.0
2012-05-01,187272.0
2012-06-01,187152.0
2012-07-01,186595.0
2012-08-01,184875.0
2012-09-01,191065.0
2012-10-01,185989.0
2012-11-01,188355.0
2012-12-01,192119.0
2013-01-01,190197.0
2013-02-01,192378.0
2013-03-01,189725.0
2013-04-01,190654.0
2013-05-01,189746.0
2013-06-01,192836.0
2013-07-01,192040.0
2013-08-01,192368.0
2013-09-01,192405.0
2013-10-01,196346.0
2013-11-01,197147.0
2013-12-01,196225.0
2014-01-01,195718.0
2014-02-01,195001.0
2014-03-01,199557.0
2014-04-01,198953.0
2014-05-01,201281.0
2014-06-01,200383.0
2014-07-01,200633.0
2014-08-01,202136.0
2014-09-01,199430.0
2014-10-01,201219.0
2014-11-01,198738.0
2014-12-01,198286.0
2015-01-01,194201.0
2015-02-01,191885.0
2015-03-01,192163.0
2015-04-01,193141.0
2015-05-01,191913.0
2015-06-01,191441.0
2015-07-01,190805.0
2015-08-01,188087.0
2015-09-01,189066.0
2015-10-01,187699.0
2015-11-01,185340.0
2015-12-01,184447.0
2016-01-01,180896.0
2016-02-01,182973.0
2016-03-01,181947.0
2016-04-01,184208.0
2016-05-01,185069.0
2016-06-01,186773.0
2016-07-01,188101.0
2016-08-01,190098.0
2016-09-01,190602.0
2016-10-01,189247.0
2016-11-01,187578.0
2016-12-01,192465.0
2017-01-01,195584.0
2017-02-01,196329.0
2017-03-01,195997.0
2017-04-01,195895.0
2017-05-01,195521.0
2017-06-01,197954.0
2017-07-01,197156.0
2017-08-01,198847.0
2017-09-01,200996.0
2017-10-01,202740.0
2017-11-01,206782.0
2017-12-01,209554.0
2018-01-01,207227.0
2018-02-01,210380.0
2018-03-01,212951.0
2018-04-01,211984.0
2018-05-01,215417.0
2018-06-01,213339.0
2018-07-01,211364.0
2018-08-01,211314.0
2018-09-01,213716.0
2018-10-01,214253.0
2018-11-01,211769.0
2018-12-01,209293.0
2019-01-01,211020.0
2019-02-01,213156.0
2019-03-01,214512.0
2019-04-01,211071.0
2019-05-01,215233.0
2019-06-01,212710.0
2019-07-01,212880.0
2019-08-01,212620.0
2019-09-01,211695.0
2019-10-01,212297.0
2019-11-01,212837.0
2019-12-01,213425.0
2020-01-01,208926.0
2020-02-01,209459.0
2020-03-01,189827.0
2020-04-01,151836.0
2020-05-01,147067.0
2020-06-01,160715.0
2020-07-01,172709.0
2020-08-01,176798.0
2020-09-01,182613.0
2020-10-01,185983.0
2020-11-01,190262.0
2020-12-01,196417.0
2021-01-01,199099.0
2021-02-01,195855.0
2021-03-01,209126.0
2021-04-01,208929.0
2021-05-01,211736.0
2021-06-01,214132.0
2021-07-01,216484.0
2021-08-01,218066.0
2021-09-01,214104.0
2021-10-01,228792.0
2021-11-01,231168.0
2021-12-01,236391.0
2022-01-01,232303.0
2022-02-01,236825.0
2022-03-01,248590.0
2022-04-01,256488.0
2022-05-01,259293.0
2022-06-01,262589.0
2022-07-01,265159.0
2022-08-01,265548.0
2022-09-01,262383.0
2022-10-01,260014.0
2022-11-01,255904.0
2022-12-01,253566.0
2023-01-01,259478.0
2023-02-01,253972.0
2023-03-01,259516.0
2023-04-01,253572.0
2023-05-01,253327.0
2023-06-01,252366.0
2023-07-01,256138.0
2023-08-01,261184.0
2023-09-01,263997.0
2023-10-01,263456.0
2023-11-01,257881.0
2023-12-01,262726.0
2024-01-01,261614.0
2024-02-01,268482.0
2024-03-01,265484.0
2024-04-01,267602.0
2024-05-01,266462.0
2024-06-01,269277.0
2024-07-01,271296.0
2024-08-01,275804.0
2024-09-01,273291.0
2024-10-01,269813.0
2024-11-01,276655.0
2024-12-01,270627.0
2025-01-01,274827.0
2025-02-01,280533.0
2025-03-01,283369.0
2025-04-01,290598.0
2025-05-01,282229.0
2025-06-01,281048.0
2025-07-01,284172.0
2025-08-01,284741.0
2025-09-01,292352.0
2025-10-01,301158.0
2025-11-01,289504.0
2025-12-01,285282.0
2026-01-01,299806.0
2026-02-01,311803.0
2026-03-01,318776.0
2026-04-01,328187.0
2026-05-01,317633.0
2026-06-01,314728.0
