1947-01-01,6.238
1947-04-01,-4.326
1947-07-01,-16.874
1947-10-01,-2.822
1948-01-01,14.095
1948-04-01,26.813
1948-07-01,31.333
1948-10-01,24.243
1949-01-01,-2.474
1949-04-01,-21.832
1949-07-01,-4.783
1949-10-01,-21.818
1950-01-01,9.151
1950-04-01,13.359
1950-07-01,17.541
1950-10-01,56.183
1951-01-01,34.908
1951-04-01,50.756
1951-07-01,33.468
1951-10-01,14.383
1952-01-01,18.048
1952-04-01,-4.389
1952-07-01,19.996
1952-10-01,20.051
1953-01-01,16.203
1953-04-01,15.897
1953-07-01,9.642
1953-10-01,-8.267
1954-01-01,-7.346
1954-04-01,-11.829
1954-07-01,-9.423
1954-10-01,-3.48
1955-01-01,14.027
1955-04-01,20.699
1955-07-01,18.889
1955-10-01,26.017
1956-01-01,21.944
1956-04-01,15.246
1956-07-01,11.829
1956-10-01,10.471
1957-01-01,5.663
1957-04-01,8.145
1957-07-01,11.901
1957-10-01,-11.091
1958-01-01,-13.882
1958-04-01,-12.101
1958-07-01,6.134
1958-10-01,16.137
1959-01-01,13.08
1959-04-01,33.118
1959-07-01,3.92
1959-10-01,19.404
1960-01-01,48.436
1960-04-01,13.84
1960-07-01,19.572
1960-10-01,-22.782
1961-01-01,-10.386
1961-04-01,8.962
1961-07-01,29.74
1961-10-01,24.675
1962-01-01,38.993
1962-04-01,24.493
1962-07-01,28.725
1962-10-01,17.055
1963-01-01,33.543
1963-04-01,22.12
1963-07-01,26.255
1963-10-01,19.18
1964-01-01,20.471
1964-04-01,19.642
1964-07-01,23.536
1964-10-01,22.509
1965-01-01,51.575
1965-04-01,37.157
1965-07-01,41.846
1965-10-01,33.654
1966-01-01,58.962
1966-04-01,56.666
1966-07-01,50.369
1966-10-01,69.319
1967-01-01,64.874
1967-04-01,28.499
1967-07-01,38.402
1967-10-01,37.36
1968-01-01,34.133
1968-04-01,59.786
1968-07-01,32.636
1968-10-01,27.116
1969-01-01,45.46
1969-04-01,37.989
1969-07-01,43.899
1969-10-01,23.776
1970-01-01,4.328
1970-04-01,20.148
1970-07-01,20.25
1970-10-01,-16.829
1971-01-01,47.696
1971-04-01,40.589
1971-07-01,38.579
1971-10-01,-2.228
1972-01-01,13.935
1972-04-01,45.638
1972-07-01,48.838
1972-10-01,19.615
1973-01-01,32.168
1973-04-01,62.868
1973-07-01,29.975
1973-10-01,69.558
1974-01-01,33.922
1974-04-01,44.484
1974-07-01,14.232
1974-10-01,52.492
1975-01-01,-21.151
1975-04-01,-37.094
1975-07-01,-5.93
1975-10-01,0.387
1976-01-01,39.195
1976-04-01,58.961
1976-07-01,53.269
1976-10-01,19.461
1977-01-01,33.147
1977-04-01,49.461
1977-07-01,86.816
1977-10-01,45.665
1978-01-01,54.392
1978-04-01,53.511
1978-07-01,54.536
1978-10-01,64.839
1979-01-01,49.046
1979-04-01,55.49
1979-07-01,20.445
1979-10-01,14.701
1980-01-01,16.25
1980-04-01,13.872
1980-07-01,-59.914
1980-10-01,-16.997
1981-01-01,69.238
1981-04-01,17.351
1981-07-01,71.443
1981-10-01,36.32
1982-01-01,-34.131
1982-04-01,-6.705
1982-07-01,7.453
1982-10-01,-65.093
1983-01-01,-60.654
1983-04-01,-9.54
1983-07-01,-3.299
1983-10-01,34.462
1984-01-01,109.746
1984-04-01,103.174
1984-07-01,107.716
1984-10-01,67.827
1985-01-01,20.964
1985-04-01,30.728
1985-07-01,25.833
1985-10-01,47.518
1986-01-01,42.151
1986-04-01,20.508
1986-07-01,-11.777
1986-10-01,-9.977
1987-01-01,45.442
1987-04-01,25.481
1987-07-01,-2.196
1987-10-01,95.725
1988-01-01,21.045
1988-04-01,29.197
1988-07-01,24.293
1988-10-01,33.371
1989-01-01,65.96
1989-04-01,50.515
1989-07-01,13.959
1989-10-01,20.258
1990-01-01,18.585
1990-04-01,46.55
1990-07-01,30.476
1990-10-01,-14.323
1991-01-01,-22.629
1991-04-01,-26.846
1991-07-01,1.133
1991-10-01,39.445
1992-01-01,2.985
1992-04-01,28.683
1992-07-01,26.307
1992-10-01,30.178
1993-01-01,52.093
1993-04-01,35.149
1993-07-01,2.328
1993-10-01,19.545
1994-01-01,61.934
1994-04-01,111.808
1994-07-01,69.811
1994-10-01,98.103
1995-01-01,82.042
1995-04-01,46.814
1995-07-01,10.647
1995-10-01,17.123
1996-01-01,2.307
1996-04-01,33.592
1996-07-01,74.191
1996-10-01,43.244
1997-01-01,35.64
1997-04-01,140.404
1997-07-01,93.072
1997-10-01,99.287
1998-01-01,151.744
1998-04-01,55.301
1998-07-01,69.982
1998-10-01,81.947
1999-01-01,113.307
1999-04-01,48.463
1999-07-01,60.068
1999-10-01,114.34
2000-01-01,20.031
2000-04-01,117.982
2000-07-01,84.692
2000-10-01,77.396
2001-01-01,-41.56
2001-04-01,0.135
2001-07-01,-43.518
2001-10-01,-111.609
2002-01-01,-6.151
2002-04-01,32.416
2002-07-01,26.563
2002-10-01,39.749
2003-01-01,41.275
2003-04-01,-9.38
2003-07-01,3.437
2003-10-01,45.183
2004-01-01,55.562
2004-04-01,92.005
2004-07-01,80.645
2004-10-01,87.941
2005-01-01,121.598
2005-04-01,30.068
2005-07-01,15.581
2005-10-01,101.02
2006-01-01,94.172
2006-04-01,95.203
2006-07-01,95.318
2006-10-01,54.763
2007-01-01,29.668
2007-04-01,54.925
2007-07-01,36.338
2007-10-01,31.249
2008-01-01,-6.799
2008-04-01,-29.623
2008-07-01,-14.799
2008-10-01,-78.104
2009-01-01,-167.736
2009-04-01,-219.104
2009-07-01,-236.813
2009-10-01,-57.472
2010-01-01,-6.872
2010-04-01,35.277
2010-07-01,120.261
2010-10-01,68.909
2011-01-01,29.124
2011-04-01,65.52
2011-07-01,-14.852
2011-10-01,97.693
2012-01-01,77.751
2012-04-01,89.453
2012-07-01,85.498
2012-10-01,24.013
2013-01-01,75.942
2013-04-01,79.526
2013-07-01,137.289
2013-10-01,121.413
2014-01-01,58.313
2014-04-01,92.815
2014-07-01,106.049
2014-10-01,83.22
2015-01-01,169.373
2015-04-01,145.308
2015-07-01,120.301
2015-10-01,99.571
2016-01-01,62.384
2016-04-01,19.192
2016-07-01,-3.687
2016-10-01,55.55
2017-01-01,7.021
2017-04-01,26.048
2017-07-01,55.486
2017-10-01,42.14
2018-01-01,34.055
2018-04-01,0.466
2018-07-01,92.854
2018-10-01,89.813
2019-01-01,114.259
2019-04-01,82.473
2019-07-01,67.51
2019-10-01,25.3
2020-01-01,-39.853
2020-04-01,-261.375
2020-07-01,116.007
2020-10-01,89.407
2021-01-01,-10.347
2021-04-01,-120.79
2021-07-01,16.771
2021-10-01,207.912
2022-01-01,227.358
2022-04-01,114.446
2022-07-01,79.724
2022-10-01,160.565
2023-01-01,43.45
2023-04-01,16.981
2023-07-01,67.465
2023-10-01,61.893
2024-01-01,12.412
2024-04-01,75.071
2024-07-01,69.426
2024-10-01,17.053
2025-01-01,171.969
2025-04-01,-18.264
2025-07-01,-23.942
2025-10-01,-15.636
2026-01-01,-16.69
2026-04-01,-53.063
