1995-01-01,0.823723335265614
1995-04-01,2.52619280399939
1995-07-01,2.6722767351564
1995-10-01,3.31475949437419
1996-01-01,3.27846686973681
1996-04-01,3.45439758964843
1996-07-01,2.46408964915188
1996-10-01,3.30401231866113
1997-01-01,3.02295245943995
1997-04-01,1.20585327188343
1997-07-01,1.18020928751048
1997-10-01,0.094886499364022
1998-01-01,-2.13349266597496
1998-04-01,-1.98543943794059
1998-07-01,-2.00959257939537
1998-10-01,-1.1520310508589
1999-01-01,-1.02990148893024
1999-04-01,0.023189208080265
1999-07-01,0.447240161076468
1999-10-01,-0.471635688194738
2000-01-01,2.9008282197734
2000-04-01,3.00971847292268
2000-07-01,2.39474047388644
2000-10-01,3.51783740105238
2001-01-01,2.20267373581555
2001-04-01,0.810631999536215
2001-07-01,-0.331031007410976
2001-10-01,-1.56880588864798
2002-01-01,-1.89300809917438
2002-04-01,-0.433542457856195
2002-07-01,1.06268104761742
2002-10-01,1.52035749272519
2003-01-01,1.14715083561336
2003-04-01,1.25503315610258
2003-07-01,1.23732617161449
2003-10-01,2.02281044089463
2004-01-01,3.01397112974253
2004-04-01,2.09661330683817
2004-07-01,2.36543818798709
2004-10-01,0.954194546117471
2005-01-01,0.71744362777928
2005-04-01,1.7598954873038
2005-07-01,2.11110776932943
2005-10-01,2.78964431539799
2006-01-01,2.23664776897119
2006-04-01,1.5442313229256
2006-07-01,0.623735414765192
2006-10-01,1.68932722499775
2007-01-01,2.34033110916441
2007-04-01,2.21713299293296
2007-07-01,1.560812685325
2007-10-01,0.781354203787199
2008-01-01,0.269809272189114
2008-04-01,-0.362671234313272
2008-07-01,-0.81976888593861
2008-10-01,-3.72142633652873
2009-01-01,-8.18422265979459
2009-04-01,-6.70942213311068
2009-07-01,-6.27042993278075
2009-10-01,-2.45192943045297
2010-01-01,3.33968503899522
2010-04-01,3.60576130718337
2010-07-01,6.08383550444385
2010-10-01,3.50950678095039
2011-01-01,0.772265783996651
2011-04-01,-1.23407903400738
2011-07-01,-0.579215517130682
2011-10-01,0.317571613694678
2012-01-01,3.31227209672253
2012-04-01,3.0262660125234
2012-07-01,0.218562516593912
2012-10-01,0.13145961730141
2013-01-01,-0.121659459368717
2013-04-01,1.86188793944468
2013-07-01,3.23149329497603
2013-10-01,3.14630867163626
2014-01-01,2.89542895421535
2014-04-01,0.403197737356864
2014-07-01,-0.352858521414723
2014-10-01,0.36067858537725
2015-01-01,0.926942450109602
2015-04-01,2.45791277039205
2015-07-01,2.40884992173038
2015-10-01,1.62102198153822
2016-01-01,0.893110821341137
2016-04-01,0.471211283495676
2016-07-01,0.553880881647939
2016-10-01,0.763382789075195
2017-01-01,0.634809250597246
2017-04-01,1.28543584010561
2017-07-01,2.21854073365453
2017-10-01,2.36508644460045
2018-01-01,1.46232270597872
2018-04-01,1.77103931667557
2018-07-01,0.143005161678755
2018-10-01,0.063159135177671
2019-01-01,0.322445970926921
2019-04-01,0.099861021171366
2019-07-01,0.65008202267236
2019-10-01,-2.3219833431238
2020-01-01,-2.07769637932012
2020-04-01,-9.50676614595298
2020-07-01,-5.03218888344681
2020-10-01,-0.597882320176646
2021-01-01,0.251736673846947
2021-04-01,8.68691622756794
2021-07-01,3.28555215792261
2021-10-01,2.80564633265614
2022-01-01,1.15057020307714
2022-04-01,1.50113162310361
2022-07-01,1.42298596333676
2022-10-01,0.740527493885201
2023-01-01,2.06879919834297
2023-04-01,1.17157112341841
2023-07-01,0.17451727698683
2023-10-01,0.152454763106524
2024-01-01,-0.808679552218983
2024-04-01,-0.988310209038301
2024-07-01,1.10285813129414
2024-10-01,1.02473362311042
2025-01-01,1.62818351648153
2025-04-01,1.87157864476342
2025-07-01,0.650208425185461
2025-10-01,0.513177188703562
2026-01-01,0.488839714555556
2026-04-01,0.726654038076857
