1957-01-01,225379000.0
1957-02-01,219932100.0
1957-03-01,242664500.0
1957-04-01,235244500.0
1957-05-01,245471400.0
1957-06-01,219737600.0
1957-07-01,251418500.0
1957-08-01,253308199.99999997
1957-09-01,260505900.0
1957-10-01,215930300.0
1957-11-01,243359300.0
1957-12-01,241525100.0
1958-01-01,250029000.0
1958-02-01,246527400.0
1958-03-01,255892699.99999997
1958-04-01,232965700.0
1958-05-01,239190800.0
1958-06-01,237023100.0
1958-07-01,230575800.0
1958-08-01,224350800.0
1958-09-01,230548000.0
1958-10-01,245971600.0
1958-11-01,243859500.0
1958-12-01,242664500.0
1959-01-01,242970200.0
1959-02-01,278930800.0
1959-03-01,253224800.00000003
1959-04-01,275290300.0
1959-05-01,286267500.0
1959-06-01,282460200.0
1959-07-01,297383500.0
1959-08-01,297633700.0
1959-09-01,281339800.0
1959-10-01,330373800.0
1959-11-01,298977000.0
1959-12-01,313384600.0
1960-01-01,307333000.0
1960-02-01,324969600.0
1960-03-01,321836100.0
1960-04-01,326154300.0
1960-05-01,320315500.0
1960-06-01,345505000.0
1960-07-01,334578000.0
1960-08-01,337701200.0
1960-09-01,365041700.0
1960-10-01,339178300.0
1960-11-01,373088400.0
1960-12-01,348908700.0
1961-01-01,374493300.0
1961-02-01,329025900.0
1961-03-01,349725800.0
1961-04-01,360278900.0
1961-05-01,335241400.0
1961-06-01,346680400.0
1961-07-01,351048400.0
1961-08-01,353479000.0
1961-09-01,347789300.0
1961-10-01,337045200.0
1961-11-01,363063100.0
1961-12-01,373890000.0
1962-01-01,363670700.0
1962-02-01,392381400.0
1962-03-01,384092000.0
1962-04-01,364941200.0
1962-05-01,434020600.0
1962-06-01,413104300.0
1962-07-01,421006600.0
1962-08-01,411667500.0
1962-09-01,443425400.0
1962-10-01,421965000.0
1962-11-01,408126400.0
1962-12-01,427321900.0
1963-01-01,428605300.0
1963-02-01,415787700.0
1963-03-01,424601000.0
1963-04-01,454194800.0
1963-05-01,420405700.0
1963-06-01,431762600.0
1963-07-01,428703300.0
1963-08-01,475152300.0
1963-09-01,466549300.0
1963-10-01,477425500.0
1963-11-01,478606200.0
1963-12-01,502041800.0
1964-01-01,456009800.0
1964-02-01,486451500.0
1964-03-01,506736800.0
1964-04-01,517957099.99999994
1964-05-01,521597700.00000006
1964-06-01,543110300.0
1964-07-01,568125500.0
1964-08-01,542310400.0
1964-09-01,559548800.0
1964-10-01,630296400.0
1964-11-01,621534700.0
1964-12-01,629735600.0
1965-01-01,650083800.0
1965-02-01,690335000.0
1965-03-01,689817000.0
1965-04-01,688674900.0
1965-05-01,707312300.0
1965-06-01,717104400.0
1965-07-01,721106200.0
1965-08-01,739018700.0
1965-09-01,691546600.0
1965-10-01,701537800.0
1965-11-01,709488000.0
1965-12-01,692726300.0
1966-01-01,801488200.0
1966-02-01,752124200.0
1966-03-01,777535900.0
1966-04-01,774228300.0
1966-05-01,770540200.0
1966-06-01,791855400.0
1966-07-01,821848000.0
1966-08-01,787632600.0
1966-09-01,824577800.0
1966-10-01,832082600.0
1966-11-01,868457700.0
1966-12-01,887406900.0
1967-01-01,825137600.0
1967-02-01,857572300.0
1967-03-01,831740600.0
1967-04-01,860110600.0
1967-05-01,831720900.0
1967-06-01,852308100.0
1967-07-01,851658400.0
1967-08-01,888144800.0
1967-09-01,892237900.0
1967-10-01,901421200.0
1967-11-01,869797500.0
1967-12-01,898426400.0
1968-01-01,932548000.0
1968-02-01,974349300.0
1968-03-01,966557000.0
1968-04-01,1005636000.0
1968-05-01,1117818000.0
1968-06-01,1041320000.0
1968-07-01,1023501000.0
1968-08-01,1122562000.0
1968-09-01,1140035000.0
1968-10-01,1145480000.0
1968-11-01,1239687000.0
1968-12-01,1186393000.0
1969-01-01,1193720000.0
1969-02-01,1226195000.0
1969-03-01,1238151000.0
1969-04-01,1283778000.0
1969-05-01,1329925000.0
1969-06-01,1324178000.0
1969-07-01,1335440000.0
1969-08-01,1370911000.0
1969-09-01,1394436000.0
1969-10-01,1415977000.0
1969-11-01,1428897000.0
1969-12-01,1453903000.0
1970-01-01,1550956000.0
1970-02-01,1511842000.0
1970-03-01,1505496000.0
1970-04-01,1555432000.0
1970-05-01,1561572000.0
1970-06-01,1626188000.0
1970-07-01,1612834000.0
1970-08-01,1595612000.0
1970-09-01,1673993000.0
1970-10-01,1769728000.0
1970-11-01,1609100000.0
1970-12-01,1782859000.0
1971-01-01,1774784000.0
1971-02-01,1829054000.0
1971-03-01,1940710000.0
1971-04-01,1939443000.0
1971-05-01,1998481000.0
1971-06-01,2051089999.9999998
1971-07-01,2046724000.0000002
1971-08-01,2086075999.9999998
1971-09-01,2018377999.9999998
1971-10-01,2092679000.0
1971-11-01,2106056999.9999998
1971-12-01,2132241000.0
1972-01-01,2184656000.0
1972-02-01,2237857000.0
1972-03-01,2304571000.0
1972-04-01,2295656000.0
1972-05-01,2210117000.0
1972-06-01,2206247000.0
1972-07-01,2300773000.0
1972-08-01,2427558000.0
1972-09-01,2543614000.0
1972-10-01,2455948000.0
1972-11-01,2570049000.0
1972-12-01,2721312000.0
1973-01-01,2579471000.0
1973-02-01,3105632000.0
1973-03-01,2767701000.0
1973-04-01,2870591000.0
1973-05-01,2954596000.0
1973-06-01,3005639000.0
1973-07-01,3125474000.0
1973-08-01,3007422000.0
1973-09-01,3209938000.0
1973-10-01,3254157000.0
1973-11-01,3539503000.0
1973-12-01,3449996000.0
1974-01-01,3511485000.0
1974-02-01,3775512000.0
1974-03-01,3955660000.0
1974-04-01,4340048000.0
1974-05-01,4795739000.0
1974-06-01,4841597000.0
1974-07-01,4806305000.0
1974-08-01,5043737000.0
1974-09-01,4678443000.0
1974-10-01,5293228000.0
1974-11-01,5243095000.0
1974-12-01,4904939000.0
1975-01-01,4984382000.0
1975-02-01,4844518000.0
1975-03-01,4569903000.0
1975-04-01,4864034000.0
1975-05-01,4545019000.0
1975-06-01,4417147000.0
1975-07-01,4530185000.0
1975-08-01,4511347000.0
1975-09-01,4424317000.0
1975-10-01,4743493000.0
1975-11-01,4576746000.0
1975-12-01,4870973000.0
1976-01-01,4883693000.0
1976-02-01,5130970000.0
1976-03-01,5377176000.0
1976-04-01,5388351000.0
1976-05-01,5475142000.0
1976-06-01,5653286000.0
1976-07-01,5669458000.0
1976-08-01,5681507000.0
1976-09-01,6019833000.0
1976-10-01,5922614000.0
1976-11-01,5850478000.0
1976-12-01,6096293000.0
1977-01-01,6359300000.0
1977-02-01,6266805000.0
1977-03-01,6414761000.0
1977-04-01,6901781000.0
1977-05-01,6223481000.0
1977-06-01,6576972000.0
1977-07-01,7020496000.0
1977-08-01,6863038000.0
1977-09-01,6661125000.0
1977-10-01,7142642000.0
1977-11-01,7407781000.0
1977-12-01,7195412000.0
1978-01-01,7559467000.0
1978-02-01,7854443000.0
1978-03-01,7953777000.0
1978-04-01,7901058000.0
1978-05-01,7789096000.0
1978-06-01,8207705000.000001
1978-07-01,8224095999.999999
1978-08-01,8672148000.0
1978-09-01,8740640000.0
1978-10-01,8665804000.0
1978-11-01,8572570000.000001
1978-12-01,8187072000.000001
1979-01-01,8071837000.0
1979-02-01,8085868000.0
1979-03-01,8277606000.0
1979-04-01,7701710000.0
1979-05-01,8238223000.0
1979-06-01,8500005000.0
1979-07-01,8591343000.0
1979-08-01,8762485000.0
1979-09-01,8981862000.0
1979-10-01,8706357000.0
1979-11-01,8841168000.0
1979-12-01,9299008000.0
1980-01-01,9299523000.0
1980-02-01,9912012000.0
1980-03-01,9532775000.0
1980-04-01,9952396000.0
1980-05-01,10971580000.0
1980-06-01,10941430000.0
1980-07-01,10838680000.0
1980-08-01,11025800000.0
1980-09-01,11470140000.0
1980-10-01,11881580000.0
1980-11-01,11651190000.0
1980-12-01,12455270000.0
1981-01-01,12685520000.0
1981-02-01,12597780000.0
1981-03-01,12503700000.0
1981-04-01,12384890000.0
1981-05-01,12576020000.0
1981-06-01,12556270000.0
1981-07-01,12671580000.0
1981-08-01,12584650000.0
1981-09-01,12659380000.0
1981-10-01,13154520000.0
1981-11-01,12689410000.0
1981-12-01,12423790000.0
1982-01-01,13432690000.0
1982-02-01,12148540000.0
1982-03-01,12083940000.0
1982-04-01,12037690000.0
1982-05-01,11827570000.0
1982-06-01,11260460000.0
1982-07-01,11406980000.0
1982-08-01,10922010000.0
1982-09-01,10996750000.0
1982-10-01,10671430000.0
1982-11-01,10856300000.0
1982-12-01,11231180000.0
1983-01-01,11960330000.0
1983-02-01,11753210000.0
1983-03-01,11832830000.0
1983-04-01,11795320000.0
1983-05-01,11982220000.0
1983-06-01,12098980000.0
1983-07-01,11943000000.0
1983-08-01,12163700000.0
1983-09-01,12387650000.0
1983-10-01,12548340000.0
1983-11-01,12912380000.0
1983-12-01,13441010000.0
1984-01-01,13123120000.0
1984-02-01,14120070000.0
1984-03-01,14569760000.0
1984-04-01,13880360000.0
1984-05-01,14589760000.0
1984-06-01,14496090000.0
1984-07-01,13786770000.0
1984-08-01,14087350000.0
1984-09-01,13947690000.0
1984-10-01,14302840000.0
1984-11-01,14572860000.0
1984-12-01,14036030000.0
1985-01-01,13998000000.0
1985-02-01,13574420000.0
1985-03-01,13599480000.0
1985-04-01,14423250000.0
1985-05-01,14978140000.0
1985-06-01,14409870000.0
1985-07-01,14705520000.0
1985-08-01,14609790000.0
1985-09-01,14308140000.0
1985-10-01,15828140000.0
1985-11-01,16457170000.000002
1985-12-01,15978480000.0
1986-01-01,16257570000.000002
1986-02-01,16770160000.0
1986-03-01,16556490000.0
1986-04-01,17416220000.0
1986-05-01,18726200000.0
1986-06-01,17519380000.0
1986-07-01,18285110000.0
1986-08-01,17732500000.0
1986-09-01,18235830000.0
1986-10-01,18062020000.0
1986-11-01,17305260000.0
1986-12-01,17671040000.0
1987-01-01,19086660000.0
1987-02-01,18217120000.0
1987-03-01,18139300000.0
1987-04-01,19434610000.0
1987-05-01,19507040000.0
1987-06-01,18461870000.0
1987-07-01,18456080000.0
1987-08-01,18795100000.0
1987-09-01,19377920000.0
1987-10-01,19897970000.0
1987-11-01,20101140000.0
1987-12-01,21782220000.0
1988-01-01,21235550000.0
1988-02-01,21336800000.0
1988-03-01,21102340000.0
1988-04-01,22158170000.0
1988-05-01,21817970000.0
1988-06-01,21519110000.0
1988-07-01,21554270000.0
1988-08-01,21633170000.0
1988-09-01,21924050000.0
1988-10-01,23058590000.0
1988-11-01,24015430000.0
1988-12-01,23665620000.0
1989-01-01,23534640000.0
1989-02-01,23716610000.0
1989-03-01,23617220000.0
1989-04-01,22932030000.0
1989-05-01,22297650000.0
1989-06-01,22298590000.0
1989-07-01,22393160000.0
1989-08-01,22642310000.0
1989-09-01,22963620000.0
1989-10-01,22272720000.0
1989-11-01,22896180000.0
1989-12-01,22808310000.0
1990-01-01,22595270000.0
1990-02-01,22993660000.0
1990-03-01,22635740000.0
1990-04-01,21499220000.0
1990-05-01,23468230000.0
1990-06-01,23271350000.0
1990-07-01,23155120000.0
1990-08-01,23830350000.0
1990-09-01,24980440000.0
1990-10-01,26623700000.0
1990-11-01,26761890000.0
1990-12-01,25870580000.0
1991-01-01,26539490000.0
1991-02-01,26079880000.0
1991-03-01,25555740000.0
1991-04-01,23941670000.0
1991-05-01,26144510000.0
1991-06-01,24992050000.0
1991-07-01,25674960000.0
1991-08-01,26446730000.0
1991-09-01,26284540000.0
1991-10-01,27808430000.0
1991-11-01,28527110000.0
1991-12-01,27771890000.0
1992-01-01,28658300000.0
1992-02-01,28545610000.0
1992-03-01,26117890000.0
1992-04-01,26760660000.0
1992-05-01,27962360000.0
1992-06-01,28113650000.0
1992-07-01,28450870000.0
1992-08-01,28316020000.0
1992-09-01,30105570000.0
1992-10-01,30290010000.0
1992-11-01,28233070000.0
1992-12-01,28657740000.0
1993-01-01,28357900000.0
1993-02-01,29199590000.0
1993-03-01,30371200000.0
1993-04-01,30872990000.0
1993-05-01,29719530000.0
1993-06-01,30527960000.0
1993-07-01,31377850000.0
1993-08-01,30737670000.0
1993-09-01,31103740000.0
1993-10-01,30363440000.0
1993-11-01,29410610000.0
1993-12-01,29939300000.0
1994-01-01,30485040000.0
1994-02-01,30752960000.0
1994-03-01,31761750000.0
1994-04-01,32566119999.999996
1994-05-01,30879900000.0
1994-06-01,34300010000.0
1994-07-01,33869130000.0
1994-08-01,34105590000.0
1994-09-01,34230580000.000004
1994-10-01,34047750000.0
1994-11-01,35094410000.0
1994-12-01,34478770000.0
1995-01-01,31695520000.0
1995-02-01,35990670000.0
1995-03-01,38726430000.0
1995-04-01,40665360000.0
1995-05-01,38690420000.0
1995-06-01,40526360000.0
1995-07-01,36373460000.0
1995-08-01,36872730000.0
1995-09-01,35911590000.0
1995-10-01,34401100000.0
1995-11-01,35989730000.0
1995-12-01,36348920000.0
1996-01-01,33069000000.000004
1996-02-01,34936860000.0
1996-03-01,34457570000.0
1996-04-01,33198279999.999996
1996-05-01,35266450000.0
1996-06-01,33736870000.000004
1996-07-01,33986370000.0
1996-08-01,34731680000.0
1996-09-01,33381920000.0
1996-10-01,34090030000.0
1996-11-01,35773550000.0
1996-12-01,34030500000.000004
1997-01-01,34557740000.0
1997-02-01,33319910000.0
1997-03-01,33316220000.0
1997-04-01,34570300000.0
1997-05-01,37906930000.0
1997-06-01,35887270000.0
1997-07-01,35991420000.0
1997-08-01,35833840000.0
1997-09-01,34572540000.0
1997-10-01,36899130000.0
1997-11-01,34277440000.0
1997-12-01,34156129999.999996
1998-01-01,34203420000.0
1998-02-01,33727970000.0
1998-03-01,32839280000.000004
1998-04-01,32008380000.000004
1998-05-01,32504520000.0
1998-06-01,30633510000.0
1998-07-01,31142500000.0
1998-08-01,29568500000.0
1998-09-01,32279539999.999996
1998-10-01,34072330000.0
1998-11-01,32476129999.999996
1998-12-01,33375100000.000004
1999-01-01,35117280000.0
1999-02-01,31790310000.0
1999-03-01,32061050000.0
1999-04-01,32294110000.000004
1999-05-01,32169410000.0
1999-06-01,32771740000.0
1999-07-01,33860149999.999996
1999-08-01,35501660000.0
1999-09-01,37855430000.0
1999-10-01,37788830000.0
1999-11-01,38532630000.0
1999-12-01,39488390000.0
2000-01-01,39108120000.0
2000-02-01,37497150000.0
2000-03-01,38788840000.0
2000-04-01,40432790000.0
2000-05-01,38650340000.0
2000-06-01,40927280000.0
2000-07-01,39863850000.0
2000-08-01,40594810000.0
2000-09-01,41111290000.0
2000-10-01,40892810000.0
2000-11-01,40473610000.0
2000-12-01,40089630000.0
2001-01-01,35793240000.0
2001-02-01,37249310000.0
2001-03-01,35480670000.0
2001-04-01,34616190000.0
2001-05-01,33303089999.999996
2001-06-01,32923730000.0
2001-07-01,32594569999.999996
2001-08-01,33333309999.999996
2001-09-01,33874940000.000004
2001-10-01,32364050000.0
2001-11-01,31684310000.0
2001-12-01,30656000000.0
2002-01-01,30789100000.0
2002-02-01,31083040000.0
2002-03-01,32533610000.000004
2002-04-01,32797340000.0
2002-05-01,34355140000.0
2002-06-01,35781180000.0
2002-07-01,36717940000.0
2002-08-01,35327300000.0
2002-09-01,36232360000.0
2002-10-01,35793280000.0
2002-11-01,37018050000.0
2002-12-01,37054550000.0
2003-01-01,36467360000.0
2003-02-01,37979890000.0
2003-03-01,37630270000.0
2003-04-01,37695680000.0
2003-05-01,38346400000.0
2003-06-01,37893470000.0
2003-07-01,38342510000.0
2003-08-01,38072240000.0
2003-09-01,41013800000.0
2003-10-01,41670850000.0
2003-11-01,41490540000.0
2003-12-01,44154960000.0
2004-01-01,45101520000.0
2004-02-01,46321840000.0
2004-03-01,46016160000.0
2004-04-01,47138500000.0
2004-05-01,45933900000.0
2004-06-01,47543460000.0
2004-07-01,46617950000.0
2004-08-01,46620940000.0
2004-09-01,46957180000.0
2004-10-01,47455310000.0
2004-11-01,49320170000.0
2004-12-01,48588910000.0
2005-01-01,49120340000.0
2005-02-01,48985520000.0
2005-03-01,50469610000.0
2005-04-01,50304280000.0
2005-05-01,49786320000.0
2005-06-01,49093510000.0
2005-07-01,47995530000.0
2005-08-01,49225980000.0
2005-09-01,50798870000.0
2005-10-01,49747630000.0
2005-11-01,49480660000.0
2005-12-01,49873270000.0
2006-01-01,50508570000.0
2006-02-01,52927430000.0
2006-03-01,52890510000.0
2006-04-01,53619720000.0
2006-05-01,54756400000.0
2006-06-01,52625690000.0
2006-07-01,53448820000.0
2006-08-01,54112370000.0
2006-09-01,55221840000.0
2006-10-01,54078110000.0
2006-11-01,55625890000.0
2006-12-01,57098130000.0
2007-01-01,56937880000.0
2007-02-01,57183920000.0
2007-03-01,58105490000.0
2007-04-01,57335870000.0
2007-05-01,57516030000.0
2007-06-01,56671840000.0
2007-07-01,57697250000.0
2007-08-01,60608540000.0
2007-09-01,61710830000.0
2007-10-01,63146220000.0
2007-11-01,65013970000.0
2007-12-01,64319800000.0
2008-01-01,67164339999.99999
2008-02-01,66325940000.0
2008-03-01,70529110000.0
2008-04-01,66247320000.0
2008-05-01,67388420000.0
2008-06-01,66156229999.99999
2008-07-01,68176000000.0
2008-08-01,67250569999.99999
2008-09-01,67854850000.0
2008-10-01,66322450000.0
2008-11-01,57552850000.0
2008-12-01,51922020000.0
2009-01-01,41988570000.0
2009-02-01,39911890000.0
2009-03-01,40028870000.0
2009-04-01,40503810000.0
2009-05-01,43899460000.0
2009-06-01,46621680000.0
2009-07-01,48657180000.0
2009-08-01,51523770000.0
2009-09-01,54621330000.0
2009-10-01,57786010000.0
2009-11-01,59854150000.0
2009-12-01,58609780000.0
2010-01-01,61358490000.0
2010-02-01,59055570000.0
2010-03-01,59238780000.0
2010-04-01,60149060000.0
2010-05-01,61561030000.0
2010-06-01,62049210000.0
2010-07-01,64974120000.0
2010-08-01,66015209999.99999
2010-09-01,66112179999.99999
2010-10-01,70776390000.0
2010-11-01,70484190000.0
2010-12-01,70209840000.0
2011-01-01,70299500000.0
2011-02-01,69938100000.0
2011-03-01,64070280000.0
2011-04-01,59280370000.0
2011-05-01,63865080000.0
2011-06-01,68759740000.0
2011-07-01,71929180000.0
2011-08-01,74097540000.0
2011-09-01,74087260000.0
2011-10-01,71375420000.0
2011-11-01,68469350000.00001
2011-12-01,67981039999.99999
2012-01-01,67398060000.0
2012-02-01,69506870000.0
2012-03-01,66686409999.99999
2012-04-01,68676959999.99999
2012-05-01,70584290000.0
2012-06-01,67974560000.0
2012-07-01,67200830000.0
2012-08-01,66908900000.0
2012-09-01,67273250000.00001
2012-10-01,62613130000.0
2012-11-01,61309880000.0
2012-12-01,60371930000.0
2013-01-01,60396900000.0
2013-02-01,60644660000.0
2013-03-01,60663250000.0
2013-04-01,58492790000.0
2013-05-01,61614350000.0
2013-06-01,61984290000.0
2013-07-01,59134290000.0
2013-08-01,61978680000.0
2013-09-01,59234140000.0
2013-10-01,59551060000.0
2013-11-01,58010940000.0
2013-12-01,55684620000.0
2014-01-01,55394960000.0
2014-02-01,59359240000.0
2014-03-01,57412410000.0
2014-04-01,58221950000.0
2014-05-01,59513770000.0
2014-06-01,58393400000.0
2014-07-01,60037990000.0
2014-08-01,59479060000.0
2014-09-01,58719760000.0
2014-10-01,59139480000.0
2014-11-01,54036160000.0
2014-12-01,53509090000.0
2015-01-01,56692020000.0
2015-02-01,52812130000.0
2015-03-01,52818440000.0
2015-04-01,53263900000.0
2015-05-01,52356940000.0
2015-06-01,51851110000.0
2015-07-01,52976540000.0
2015-08-01,51562230000.0
2015-09-01,52495070000.0
2015-10-01,52162130000.0
2015-11-01,48623740000.0
2015-12-01,47650200000.0
2016-01-01,50564930000.0
2016-02-01,49631240000.0
2016-03-01,51574940000.0
2016-04-01,51890250000.0
2016-05-01,52034110000.0
2016-06-01,55813920000.0
2016-07-01,54146800000.0
2016-08-01,54902690000.0
2016-09-01,56991880000.0
2016-10-01,55331900000.0
2016-11-01,54795200000.0
2016-12-01,52745760000.0
2017-01-01,55555740000.0
2017-02-01,57996730000.0
2017-03-01,57418190000.0
2017-04-01,56617530000.0
2017-05-01,56995120000.0
2017-06-01,57784860000.0
2017-07-01,57561070000.0
2017-08-01,59906040000.0
2017-09-01,59762710000.0
2017-10-01,57668700000.0
2017-11-01,61432670000.0
2017-12-01,60000190000.0
2018-01-01,63804520000.0
2018-02-01,62005050000.0
2018-03-01,62567220000.0
2018-04-01,62391970000.0
2018-05-01,63107080000.0
2018-06-01,61984890000.0
2018-07-01,59976170000.0
2018-08-01,62291190000.0
2018-09-01,60103610000.0
2018-10-01,61404620000.0
2018-11-01,60214780000.0
2018-12-01,59228390000.0
2019-01-01,59818980000.0
2019-02-01,60203350000.0
2019-03-01,58856860000.0
2019-04-01,57840250000.0
2019-05-01,57233680000.0
2019-06-01,60428550000.0
2019-07-01,59783180000.0
2019-08-01,59718810000.0
2019-09-01,59490850000.0
2019-10-01,57945710000.0
2019-11-01,57432130000.0
2019-12-01,57125070000.0
2020-01-01,57659870000.0
2020-02-01,58056220000.0
2020-03-01,54604390000.0
2020-04-01,47091050000.0
2020-05-01,42646530000.0
2020-06-01,43870970000.0
2020-07-01,48185340000.0
2020-08-01,52487260000.0
2020-09-01,56561270000.0
2020-10-01,58394020000.0
2020-11-01,58830140000.0
2020-12-01,60848070000.0
2021-01-01,65581630000.00001
2021-02-01,60317800000.0
2021-03-01,62115010000.0
2021-04-01,63400000000.0
2021-05-01,63844900000.0
2021-06-01,63431010000.0
2021-07-01,63490330000.0
2021-08-01,63988470000.0
2021-09-01,61424240000.0
2021-10-01,59857720000.0
2021-11-01,63719330000.0
2021-12-01,64254149999.99999
2022-01-01,65990089999.99999
2022-02-01,65970400000.0
2022-03-01,65674560000.0
2022-04-01,61588660000.0
2022-05-01,62686320000.0
2022-06-01,62364250000.0
2022-07-01,61138010000.0
2022-08-01,62931240000.0
2022-09-01,59743580000.0
2022-10-01,58742140000.0
2022-11-01,60944740000.0
2022-12-01,60262850000.0
2023-01-01,59830990000.0
2023-02-01,60997650000.0
2023-03-01,60100980000.0
2023-04-01,61877100000.0
2023-05-01,58561570000.0
2023-06-01,58877390000.0
2023-07-01,59948130000.0
2023-08-01,58770550000.0
2023-09-01,60175930000.0
2023-10-01,58640840000.0
2023-11-01,57969840000.0
2023-12-01,62226520000.0
2024-01-01,59106560000.0
2024-02-01,56522800000.0
2024-03-01,58221770000.0
2024-04-01,57327130000.0
2024-05-01,58138820000.0
2024-06-01,56941030000.0
2024-07-01,58116560000.0
2024-08-01,60759210000.0
2024-09-01,62658810000.0
2024-10-01,60099170000.0
2024-11-01,57516420000.0
2024-12-01,60417400000.0
2025-01-01,58230070000.0
2025-02-01,63710520000.0
2025-03-01,61632180000.0
2025-04-01,62253810000.0
2025-05-01,61562480000.0
2025-06-01,62063030000.0
2025-07-01,61039340000.0
2025-08-01,60793580000.0
2025-09-01,62237420000.0
2025-10-01,61019490000.0
2025-11-01,62306970000.0
2025-12-01,61801290000.0
2026-01-01,67680030000.0
2026-02-01,64646590000.0
2026-03-01,64141650000.0
2026-04-01,65027730000.00001
2026-05-01,66439340000.0
2026-06-01,65678020000.0
