1957-01-01,15042770.0
1957-02-01,29658230.0
1957-03-01,29496410.0
1957-04-01,53864900.0
1957-05-01,39448550.0
1957-06-01,50286430.0
1957-07-01,59422210.0
1957-08-01,45898850.0
1957-09-01,29136530.0
1957-10-01,27055040.0
1957-11-01,31542580.0
1957-12-01,27890640.0
1958-01-01,33867890.0
1958-02-01,35178400.0
1958-03-01,36140110.0
1958-04-01,29320370.0
1958-05-01,36256270.0
1958-06-01,32265830.000000004
1958-07-01,28798480.0
1958-08-01,28965800.0
1958-09-01,28592520.0
1958-10-01,28203850.0
1958-11-01,29992680.0
1958-12-01,28107130.0
1959-01-01,33692150.0
1959-02-01,19865480.0
1959-03-01,19659030.0
1959-04-01,18360160.0
1959-05-01,21732160.0
1959-06-01,20500880.0
1959-07-01,19592800.0
1959-08-01,21577390.0
1959-09-01,42325960.0
1959-10-01,26070220.0
1959-11-01,27263110.0
1959-12-01,32064690.0
1960-01-01,24674030.0
1960-02-01,30921910.0
1960-03-01,26764990.0
1960-04-01,30906390.0
1960-05-01,28752270.0
1960-06-01,29871440.0
1960-07-01,24643550.0
1960-08-01,32406670.0
1960-09-01,27573420.0
1960-10-01,27474950.0
1960-11-01,26690490.0
1960-12-01,30936360.0
1961-01-01,22333660.0
1961-02-01,25800180.0
1961-03-01,26873360.0
1961-04-01,28737440.0
1961-05-01,31911960.000000004
1961-06-01,32813460.000000004
1961-07-01,23487410.0
1961-08-01,23496470.0
1961-09-01,22730110.0
1961-10-01,25322790.0
1961-11-01,25482340.0
1961-12-01,25538020.0
1962-01-01,32455050.0
1962-02-01,29498640.0
1962-03-01,33206239.999999996
1962-04-01,33025140.0
1962-05-01,30172090.0
1962-06-01,28774510.0
1962-07-01,45903870.0
1962-08-01,36146560.0
1962-09-01,33068210.0
1962-10-01,46559750.0
1962-11-01,41161980.0
1962-12-01,34794100.0
1963-01-01,40322940.0
1963-02-01,38998620.0
1963-03-01,41844160.0
1963-04-01,41876500.0
1963-05-01,51363800.0
1963-06-01,55868590.0
1963-07-01,47913860.0
1963-08-01,51730580.0
1963-09-01,54975240.0
1963-10-01,56073990.0
1963-11-01,50332250.0
1963-12-01,33078900.0
1964-01-01,33834090.0
1964-02-01,28161100.0
1964-03-01,39438340.0
1964-04-01,31763560.000000004
1964-05-01,27743690.0
1964-06-01,36033450.0
1964-07-01,19273450.0
1964-08-01,30405630.0
1964-09-01,49603420.0
1964-10-01,34473550.0
1964-11-01,41575330.0
1964-12-01,31432610.0
1965-01-01,19240140.0
1965-02-01,29025470.0
1965-03-01,39161340.0
1965-04-01,34643710.0
1965-05-01,35382270.0
1965-06-01,34411220.0
1965-07-01,41147800.0
1965-08-01,44653580.0
1965-09-01,41154990.0
1965-10-01,46171910.0
1965-11-01,38664740.0
1965-12-01,55156280.0
1966-01-01,39884490.0
1966-02-01,54452820.0
1966-03-01,42658840.0
1966-04-01,55401460.0
1966-05-01,51475630.0
1966-06-01,55783510.0
1966-07-01,52199450.0
1966-08-01,57407270.0
1966-09-01,52707590.0
1966-10-01,63900240.0
1966-11-01,53093940.0
1966-12-01,121877300.0
1967-01-01,70649890.0
1967-02-01,71916330.0
1967-03-01,65686890.0
1967-04-01,79159190.0
1967-05-01,63159030.00000001
1967-06-01,59993520.0
1967-07-01,83103700.0
1967-08-01,78884270.0
1967-09-01,87798010.0
1967-10-01,105430400.0
1967-11-01,96045160.0
1967-12-01,127493200.0
1968-01-01,106626000.0
1968-02-01,93547280.0
1968-03-01,106718100.0
1968-04-01,106781200.0
1968-05-01,117006900.0
1968-06-01,114947800.0
1968-07-01,108644600.0
1968-08-01,125101400.0
1968-09-01,122659700.0
1968-10-01,120244300.0
1968-11-01,138716800.0
1968-12-01,181990800.0
1969-01-01,122412200.0
1969-02-01,120483900.0
1969-03-01,122832900.0
1969-04-01,137538700.0
1969-05-01,149063200.0
1969-06-01,135733100.0
1969-07-01,148836500.0
1969-08-01,215876300.0
1969-09-01,167922000.0
1969-10-01,138963000.0
1969-11-01,188248000.0
1969-12-01,166723900.0
1970-01-01,154336400.0
1970-02-01,145127900.0
1970-03-01,149289600.0
1970-04-01,146520300.0
1970-05-01,146399400.0
1970-06-01,138907200.0
1970-07-01,155111800.0
1970-08-01,160439800.0
1970-09-01,157526600.0
1970-10-01,205042300.0
1970-11-01,178664400.0
1970-12-01,230824900.0
1971-01-01,139289900.0
1971-02-01,233311700.0
1971-03-01,173406800.0
1971-04-01,199911400.0
1971-05-01,201353600.0
1971-06-01,230285500.0
1971-07-01,234538300.0
1971-08-01,212413100.0
1971-09-01,199852400.0
1971-10-01,193814500.0
1971-11-01,195819500.0
1971-12-01,180577500.0
1972-01-01,138887600.0
1972-02-01,193952000.0
1972-03-01,205675200.0
1972-04-01,202022900.0
1972-05-01,218164400.0
1972-06-01,209446000.0
1972-07-01,197566400.0
1972-08-01,207601800.0
1972-09-01,255143600.00000003
1972-10-01,229363600.0
1972-11-01,202874900.0
1972-12-01,256992400.0
1973-01-01,255325199.99999997
1973-02-01,224916800.0
1973-03-01,325740500.0
1973-04-01,353588500.0
1973-05-01,374321700.0
1973-06-01,339867300.0
1973-07-01,370283200.0
1973-08-01,362355200.0
1973-09-01,384635000.0
1973-10-01,413443600.0
1973-11-01,400092100.0
1973-12-01,392896100.0
1974-01-01,504021500.0
1974-02-01,482418900.0
1974-03-01,531207200.0
1974-04-01,535882100.0
1974-05-01,580170200.0
1974-06-01,645161200.0
1974-07-01,616771900.0
1974-08-01,630046100.0
1974-09-01,568455000.0
1974-10-01,615212500.0
1974-11-01,605643500.0
1974-12-01,524829600.0
1975-01-01,592107400.0
1975-02-01,711188300.0
1975-03-01,694297900.0
1975-04-01,670649500.0
1975-05-01,601152200.0
1975-06-01,603368600.0
1975-07-01,458904500.0
1975-08-01,518224600.00000006
1975-09-01,524596100.0
1975-10-01,563660000.0
1975-11-01,751135100.0
1975-12-01,593547300.0
1976-01-01,631977600.0
1976-02-01,656112200.0
1976-03-01,623866600.0
1976-04-01,683019000.0
1976-05-01,741995500.0
1976-06-01,684662200.0
1976-07-01,886134400.0
1976-08-01,754285800.0
1976-09-01,850786200.0
1976-10-01,717046500.0
1976-11-01,782543700.0
1976-12-01,735073700.0
1977-01-01,790274300.0
1977-02-01,766893000.0
1977-03-01,861944000.0
1977-04-01,890443500.0
1977-05-01,863819400.0
1977-06-01,1028200999.9999999
1977-07-01,821083000.0
1977-08-01,905386600.0
1977-09-01,915991900.0
1977-10-01,987547900.0
1977-11-01,972511900.0
1977-12-01,980790400.0
1978-01-01,1017311000.0000001
1978-02-01,1037203000.0000001
1978-03-01,1060685000.0000001
1978-04-01,1094549000.0
1978-05-01,1118494000.0
1978-06-01,1155424000.0
1978-07-01,1223997000.0
1978-08-01,1317630000.0
1978-09-01,1359913000.0
1978-10-01,1504632000.0
1978-11-01,1559052000.0
1978-12-01,1501643000.0
1979-01-01,1364874000.0
1979-02-01,1568094000.0
1979-03-01,1581293000.0
1979-04-01,1541695000.0
1979-05-01,1806738000.0
1979-06-01,1815359000.0
1979-07-01,1629317000.0
1979-08-01,1831693000.0
1979-09-01,1818325000.0
1979-10-01,1657876000.0
1979-11-01,1779477000.0
1979-12-01,1879693000.0
1980-01-01,1708921000.0
1980-02-01,1994487000.0
1980-03-01,1930336000.0
1980-04-01,1849627000.0
1980-05-01,1805179000.0
1980-06-01,1693237000.0
1980-07-01,1963666000.0
1980-08-01,1865602000.0
1980-09-01,1635870000.0
1980-10-01,2016730000.0
1980-11-01,1785138000.0
1980-12-01,1996557000.0
1981-01-01,1998489000.0
1981-02-01,2204578000.0
1981-03-01,2151365000.0
1981-04-01,2259255000.0
1981-05-01,2168644000.0
1981-06-01,2119317000.0
1981-07-01,2343147000.0
1981-08-01,2169691000.0
1981-09-01,2062245000.0
1981-10-01,2082615000.0
1981-11-01,2039381000.0
1981-12-01,2440410000.0
1982-01-01,2070212999.9999998
1982-02-01,1938915000.0
1982-03-01,2030287000.0
1982-04-01,2150902000.0
1982-05-01,1734672000.0
1982-06-01,2041372000.0
1982-07-01,1887219000.0
1982-08-01,2047889000.0
1982-09-01,2223964000.0
1982-10-01,1997855000.0
1982-11-01,2154022000.0
1982-12-01,1969432000.0
1983-01-01,1937180000.0
1983-02-01,2262734000.0
1983-03-01,2150504000.0
1983-04-01,1778652000.0
1983-05-01,2039556999.9999998
1983-06-01,2136937999.9999998
1983-07-01,2093511000.0
1983-08-01,1915530000.0
1983-09-01,2308290000.0
1983-10-01,2645545000.0
1983-11-01,2356979000.0
1983-12-01,2570600000.0
1984-01-01,2660514000.0
1984-02-01,2401636000.0
1984-03-01,2523017000.0
1984-04-01,2598988000.0
1984-05-01,2692277000.0
1984-06-01,2758583000.0
1984-07-01,2613312000.0
1984-08-01,2681793000.0
1984-09-01,2583434000.0
1984-10-01,2452156000.0
1984-11-01,2364470000.0
1984-12-01,2347121000.0
1985-01-01,2550263000.0
1985-02-01,2244346000.0
1985-03-01,2273845000.0
1985-04-01,2449013000.0
1985-05-01,2601757000.0
1985-06-01,2453247000.0
1985-07-01,2377830000.0
1985-08-01,2462049000.0
1985-09-01,2522028000.0
1985-10-01,2614076000.0
1985-11-01,3157171000.0
1985-12-01,3324239000.0
1986-01-01,2905542000.0
1986-02-01,2864445000.0
1986-03-01,2551139000.0
1986-04-01,2560022000.0
1986-05-01,2547021000.0
1986-06-01,2525982000.0
1986-07-01,2621104000.0
1986-08-01,2636058000.0
1986-09-01,2601076000.0
1986-10-01,2568685000.0
1986-11-01,2650295000.0
1986-12-01,2930867000.0
1987-01-01,2499289000.0
1987-02-01,2976686000.0
1987-03-01,3069848000.0
1987-04-01,3279288000.0
1987-05-01,3573695000.0
1987-06-01,3438676000.0
1987-07-01,3533492000.0
1987-08-01,3587934000.0
1987-09-01,3762536000.0
1987-10-01,3451628000.0
1987-11-01,3866693000.0
1987-12-01,3855083000.0
1988-01-01,4064542999.9999995
1988-02-01,3900914000.0
1988-03-01,4026282000.0
1988-04-01,4210536000.0000005
1988-05-01,4087227999.9999995
1988-06-01,4176597000.0
1988-07-01,4551341000.0
1988-08-01,4784299000.0
1988-09-01,4431073000.0
1988-10-01,4606290000.0
1988-11-01,4526493000.0
1988-12-01,4502181000.0
1989-01-01,4759764000.0
1989-02-01,4633580000.0
1989-03-01,5046909000.0
1989-04-01,4900411000.0
1989-05-01,4776758000.0
1989-06-01,5188976000.0
1989-07-01,5228878000.0
1989-08-01,5734655000.0
1989-09-01,5177353000.0
1989-10-01,5408591000.0
1989-11-01,5364241000.0
1989-12-01,5310422000.0
1990-01-01,4866518000.0
1990-02-01,5648352000.0
1990-03-01,5748594000.0
1990-04-01,5335252000.0
1990-05-01,5654105000.0
1990-06-01,5444478000.0
1990-07-01,5399731000.0
1990-08-01,5632348000.0
1990-09-01,6536464000.0
1990-10-01,6080689000.0
1990-11-01,7332382000.0
1990-12-01,6179807000.0
1991-01-01,6317413000.0
1991-02-01,7183156000.0
1991-03-01,6713840000.0
1991-04-01,6790023000.0
1991-05-01,6811872000.0
1991-06-01,6683079000.0
1991-07-01,6975923000.0
1991-08-01,6698326000.0
1991-09-01,6747074000.0
1991-10-01,6965652000.0
1991-11-01,7316097000.0
1991-12-01,6427846000.0
1992-01-01,7613613000.0
1992-02-01,6911461000.0
1992-03-01,6933891000.0
1992-04-01,6709594000.0
1992-05-01,6901238000.0
1992-06-01,7086568000.0
1992-07-01,7007354000.0
1992-08-01,6367862000.0
1992-09-01,6310898000.0
1992-10-01,7233355000.0
1992-11-01,6375279000.0
1992-12-01,6379594000.0
1993-01-01,6759561000.0
1993-02-01,6947345000.0
1993-03-01,6771775000.0
1993-04-01,6721517000.0
1993-05-01,6936501000.0
1993-06-01,7372279000.0
1993-07-01,7185415000.0
1993-08-01,6767459000.0
1993-09-01,7229123000.0
1993-10-01,7123549000.0
1993-11-01,7089929000.0
1993-12-01,6940029000.0
1994-01-01,8045327000.0
1994-02-01,7180585000.0
1994-03-01,7835329000.0
1994-04-01,8051912000.0
1994-05-01,8305835000.0
1994-06-01,8131740000.000001
1994-07-01,8508580000.0
1994-08-01,8661010000.0
1994-09-01,9068566000.0
1994-10-01,9229109000.0
1994-11-01,9348969000.0
1994-12-01,10066210000.0
1995-01-01,9369854000.0
1995-02-01,10582930000.0
1995-03-01,10977530000.0
1995-04-01,11275480000.0
1995-05-01,11418550000.0
1995-06-01,11643910000.0
1995-07-01,11563530000.0
1995-08-01,11636090000.0
1995-09-01,12196060000.0
1995-10-01,11663780000.0
1995-11-01,11583410000.0
1995-12-01,11420770000.0
1996-01-01,12301650000.0
1996-02-01,12209050000.0
1996-03-01,11860000000.0
1996-04-01,12394560000.0
1996-05-01,12301880000.0
1996-06-01,12031090000.0
1996-07-01,12555880000.0
1996-08-01,13348930000.0
1996-09-01,11983470000.0
1996-10-01,13184270000.0
1996-11-01,13260040000.0
1996-12-01,12889290000.0
1997-01-01,12718990000.0
1997-02-01,12265030000.0
1997-03-01,12743740000.0
1997-04-01,12522400000.0
1997-05-01,12187400000.0
1997-06-01,12396220000.0
1997-07-01,12503470000.0
1997-08-01,12092840000.0
1997-09-01,11896920000.0
1997-10-01,12245430000.0
1997-11-01,11834640000.0
1997-12-01,9495666000.0
1998-01-01,7721503000.0
1998-02-01,8406568999.999999
1998-03-01,7926242000.0
1998-04-01,8030417000.0
1998-05-01,7703849000.0
1998-06-01,7681076000.0
1998-07-01,7028481000.0
1998-08-01,7495005000.0
1998-09-01,7463298000.0
1998-10-01,7580789000.0
1998-11-01,8248343000.0
1998-12-01,8068648000.0
1999-01-01,9029014000.0
1999-02-01,8133713000.0
1999-03-01,8716511000.0
1999-04-01,8907494000.0
1999-05-01,9629246000.0
1999-06-01,10139440000.0
1999-07-01,9877012000.0
1999-08-01,10182310000.0
1999-09-01,10391510000.0
1999-10-01,11464670000.0
1999-11-01,11398860000.0
1999-12-01,11778560000.0
2000-01-01,13139360000.0
2000-02-01,12720880000.0
2000-03-01,13301270000.0
2000-04-01,13578610000.0
2000-05-01,13057010000.0
2000-06-01,13130800000.0
2000-07-01,14063830000.0
2000-08-01,13617190000.0
2000-09-01,13849300000.0
2000-10-01,13961190000.0
2000-11-01,13759020000.0
2000-12-01,12862070000.0
2001-01-01,12465310000.0
2001-02-01,13523770000.0
2001-03-01,12348760000.0
2001-04-01,11196570000.0
2001-05-01,11385710000.0
2001-06-01,11933580000.0
2001-07-01,11204120000.0
2001-08-01,11479110000.0
2001-09-01,12398880000.0
2001-10-01,11180310000.0
2001-11-01,11212710000.0
2001-12-01,11062090000.0
2002-01-01,11337130000.0
2002-02-01,11120280000.0
2002-03-01,11644730000.0
2002-04-01,12290130000.0
2002-05-01,12529770000.0
2002-06-01,12422070000.0
2002-07-01,12879800000.0
2002-08-01,13264130000.0
2002-09-01,13481570000.0
2002-10-01,13426940000.0
2002-11-01,13875940000.0
2002-12-01,13898610000.0
2003-01-01,14478260000.0
2003-02-01,14710400000.0
2003-03-01,15404010000.0
2003-04-01,14422990000.0
2003-05-01,13615450000.0
2003-06-01,13739530000.0
2003-07-01,14707300000.0
2003-08-01,14231390000.0
2003-09-01,14792780000.0
2003-10-01,16077350000.0
2003-11-01,15949060000.0
2003-12-01,16656210000.000002
2004-01-01,16481269999.999998
2004-02-01,18807580000.0
2004-03-01,17879480000.0
2004-04-01,18381360000.0
2004-05-01,18358060000.0
2004-06-01,18618810000.0
2004-07-01,18474780000.0
2004-08-01,18642160000.0
2004-09-01,18494490000.0
2004-10-01,20642400000.0
2004-11-01,19797350000.0
2004-12-01,19859160000.0
2005-01-01,20123730000.0
2005-02-01,19595590000.0
2005-03-01,21351250000.0
2005-04-01,21138500000.0
2005-05-01,21282120000.0
2005-06-01,21373760000.0
2005-07-01,21979270000.0
2005-08-01,22132440000.0
2005-09-01,23033750000.0
2005-10-01,22972540000.0
2005-11-01,23258590000.0
2005-12-01,23394280000.0
2006-01-01,23386480000.0
2006-02-01,25102950000.0
2006-03-01,24394770000.0
2006-04-01,24834060000.0
2006-05-01,25842700000.0
2006-06-01,26122690000.0
2006-07-01,26051840000.0
2006-08-01,27105640000.0
2006-09-01,28506390000.0
2006-10-01,25555850000.0
2006-11-01,26110500000.0
2006-12-01,27173860000.0
2007-01-01,27301730000.0
2007-02-01,27206930000.0
2007-03-01,28162060000.0
2007-04-01,29450170000.0
2007-05-01,29441730000.0
2007-06-01,29177910000.0
2007-07-01,29163010000.0
2007-08-01,29640130000.0
2007-09-01,28574570000.0
2007-10-01,32085479999.999996
2007-11-01,33093010000.0
2007-12-01,33523739999.999996
2008-01-01,35869300000.0
2008-02-01,34830550000.0
2008-03-01,36470890000.0
2008-04-01,37373130000.0
2008-05-01,38927910000.0
2008-06-01,38720170000.0
2008-07-01,41948880000.0
2008-08-01,41892380000.0
2008-09-01,39874210000.0
2008-10-01,35402000000.0
2008-11-01,29246170000.0
2008-12-01,25316650000.0
2009-01-01,25004890000.0
2009-02-01,24291500000.0
2009-03-01,23119010000.0
2009-04-01,24320810000.0
2009-05-01,24034110000.0
2009-06-01,25808640000.0
2009-07-01,27030170000.0
2009-08-01,28396350000.0
2009-09-01,29986580000.0
2009-10-01,30365420000.0
2009-11-01,29451790000.0
2009-12-01,31357790000.0
2010-01-01,32180770000.000004
2010-02-01,33364669999.999996
2010-03-01,33718200000.000004
2010-04-01,34716440000.0
2010-05-01,35770280000.0
2010-06-01,35415200000.0
2010-07-01,35267930000.0
2010-08-01,35869530000.0
2010-09-01,35271340000.0
2010-10-01,37678280000.0
2010-11-01,37952010000.0
2010-12-01,38183770000.0
2011-01-01,42737610000.0
2011-02-01,39126790000.0
2011-03-01,43169700000.0
2011-04-01,44019010000.0
2011-05-01,45595760000.0
2011-06-01,45021370000.0
2011-07-01,44946430000.0
2011-08-01,45283410000.0
2011-09-01,45578460000.0
2011-10-01,43469490000.0
2011-11-01,42290250000.0
2011-12-01,44169450000.0
2012-01-01,43417090000.0
2012-02-01,48180930000.0
2012-03-01,43537800000.0
2012-04-01,43820920000.0
2012-05-01,44006050000.0
2012-06-01,43018050000.0
2012-07-01,41772990000.0
2012-08-01,41035680000.0
2012-09-01,44485230000.0
2012-10-01,42437230000.0
2012-11-01,42674740000.0
2012-12-01,42590290000.0
2013-01-01,44273040000.0
2013-02-01,43512380000.0
2013-03-01,43328980000.0
2013-04-01,42723460000.0
2013-05-01,42022950000.0
2013-06-01,42538650000.0
2013-07-01,42311870000.0
2013-08-01,42275460000.0
2013-09-01,42103330000.0
2013-10-01,44542710000.0
2013-11-01,43227940000.0
2013-12-01,42966250000.0
2014-01-01,43713010000.0
2014-02-01,45344460000.0
2014-03-01,44922990000.0
2014-04-01,44948200000.0
2014-05-01,43121320000.0
2014-06-01,43530930000.0
2014-07-01,44661130000.0
2014-08-01,44265830000.0
2014-09-01,44441090000.0
2014-10-01,43030200000.0
2014-11-01,42255680000.0
2014-12-01,41660590000.0
2015-01-01,39095470000.0
2015-02-01,36747830000.0
2015-03-01,37256590000.0
2015-04-01,37145840000.0
2015-05-01,37218090000.0
2015-06-01,36795070000.0
2015-07-01,37607640000.0
2015-08-01,35928420000.0
2015-09-01,34761830000.0
2015-10-01,36570670000.0
2015-11-01,34145440000.0
2015-12-01,33596460000.0
2016-01-01,31723930000.0
2016-02-01,31373930000.0
2016-03-01,31661800000.0
2016-04-01,32421340000.0
2016-05-01,33484430000.000004
2016-06-01,34076850000.0
2016-07-01,33767930000.0
2016-08-01,34891570000.0
2016-09-01,34232520000.0
2016-10-01,35608890000.0
2016-11-01,36652210000.0
2016-12-01,36948520000.0
2017-01-01,37293560000.0
2017-02-01,39136600000.0
2017-03-01,40385690000.0
2017-04-01,38733500000.0
2017-05-01,39102080000.0
2017-06-01,40793740000.0
2017-07-01,39084500000.0
2017-08-01,40310890000.0
2017-09-01,42831740000.0
2017-10-01,37797880000.0
2017-11-01,41385420000.0
2017-12-01,42770120000.0
2018-01-01,44387620000.0
2018-02-01,45104210000.0
2018-03-01,43398770000.0
2018-04-01,43720260000.0
2018-05-01,44276330000.0
2018-06-01,46216880000.0
2018-07-01,44587010000.0
2018-08-01,44072710000.0
2018-09-01,43014530000.0
2018-10-01,47474540000.0
2018-11-01,46159890000.0
2018-12-01,43220180000.0
2019-01-01,43643930000.0
2019-02-01,39637250000.0
2019-03-01,41359030000.0
2019-04-01,44210270000.0
2019-05-01,43475040000.0
2019-06-01,42096400000.0
2019-07-01,42596650000.0
2019-08-01,42982790000.0
2019-09-01,39846260000.0
2019-10-01,40557640000.0
2019-11-01,41009750000.0
2019-12-01,42024520000.0
2020-01-01,41218260000.0
2020-02-01,40495870000.0
2020-03-01,40338770000.0
2020-04-01,37227080000.0
2020-05-01,35916610000.0
2020-06-01,36233960000.0
2020-07-01,37805420000.0
2020-08-01,36969870000.0
2020-09-01,39728930000.0
2020-10-01,39087370000.0
2020-11-01,40319500000.0
2020-12-01,42129080000.0
2021-01-01,44542840000.0
2021-02-01,45762830000.0
2021-03-01,47061900000.0
2021-04-01,49930740000.0
2021-05-01,49610870000.0
2021-06-01,51090570000.0
2021-07-01,53216460000.0
2021-08-01,52147030000.0
2021-09-01,52000590000.0
2021-10-01,54877790000.0
2021-11-01,56914460000.0
2021-12-01,57755780000.0
2022-01-01,60754100000.0
2022-02-01,57706300000.0
2022-03-01,60385910000.0
2022-04-01,60268040000.0
2022-05-01,64123729999.99999
2022-06-01,60985490000.0
2022-07-01,65984250000.0
2022-08-01,65370999999.99999
2022-09-01,61305520000.0
2022-10-01,60252350000.0
2022-11-01,58478480000.0
2022-12-01,57386320000.0
2023-01-01,58128630000.0
2023-02-01,59699060000.0
2023-03-01,56461510000.0
2023-04-01,53015630000.0
2023-05-01,54053780000.0
2023-06-01,53814700000.0
2023-07-01,49361420000.0
2023-08-01,50459490000.0
2023-09-01,52079150000.0
2023-10-01,53357030000.0
2023-11-01,51739810000.0
2023-12-01,52094870000.0
2024-01-01,52694920000.0
2024-02-01,51702130000.0
2024-03-01,51286460000.0
2024-04-01,53815650000.0
2024-05-01,52970580000.0
2024-06-01,51760820000.0
2024-07-01,52491090000.0
2024-08-01,54452300000.0
2024-09-01,53100610000.0
2024-10-01,53209610000.0
2024-11-01,51485790000.0
2024-12-01,52745890000.0
2025-01-01,49585240000.0
2025-02-01,52115500000.0
2025-03-01,52504140000.0
2025-04-01,52257160000.0
2025-05-01,51204900000.0
2025-06-01,52579880000.0
2025-07-01,52854220000.0
2025-08-01,53234800000.0
2025-09-01,56297630000.0
2025-10-01,52428540000.0
2025-11-01,53081780000.0
2025-12-01,54086360000.0
2026-01-01,56422900000.0
2026-02-01,55949490000.0
2026-03-01,58354750000.0
2026-04-01,60953710000.0
2026-05-01,63009960000.0
2026-06-01,67067340000.0
