1996-12-31,685.8400
1997-01-31,676.5300
1997-02-28,677.3400
1997-03-31,703.2300
1997-04-30,746.3600
1997-05-31,745.4000
1997-06-30,726.1200
1997-07-31,695.3700
1997-08-31,647.1100
1997-09-30,470.7900
1997-10-31,407.8600
1997-11-30,376.3100
1997-12-31,567.3800
1998-01-31,558.9800
1998-02-28,481.0400
1998-03-31,421.2200
1998-04-30,336.6300
1998-05-31,297.8800
1998-06-30,343.3300
1998-07-31,310.1600
1998-08-31,310.3200
1998-09-30,384.7500
1998-10-31,451.8800
1998-11-30,562.4600
1998-12-31,571.4300
1999-01-31,520.0600
1999-02-28,618.9800
1999-03-31,752.5900
1999-04-30,736.0200
1999-05-31,883.0000
1999-06-30,969.7200
1999-07-31,937.8800
1999-08-31,836.1800
1999-09-30,833.5100
1999-10-31,996.6600
1999-11-30,1028.0699
1999-12-31,943.8800
2000-01-31,828.3800
2000-02-29,860.9400
2000-03-31,725.3900
2000-04-30,731.8800
2000-05-31,821.2200
2000-06-30,705.9700
2000-07-31,688.6200
2000-08-31,613.2200
2000-09-30,514.4800
2000-10-31,509.2300
2000-11-30,504.6200
2000-12-31,617.9100
2001-01-31,578.1000
2001-02-28,523.2200
2001-03-31,577.3600
2001-04-30,612.1600
2001-05-31,595.1300
2001-06-30,541.5500
2001-07-31,545.1100
2001-08-31,479.6800
2001-09-30,537.8100
2001-10-31,643.8900
2001-11-30,693.7000
2001-12-31,748.0700
2002-01-31,819.9900
2002-02-28,895.5800
2002-03-31,842.3400
2002-04-30,796.4000
2002-05-31,742.7200
2002-06-30,717.9900
2002-07-31,736.4000
2002-08-31,646.4200
2002-09-30,658.9200
2002-10-31,724.8000
2002-11-30,627.5500
2002-12-31,591.8600
2003-01-31,575.4300
2003-02-28,535.7000
2003-03-31,599.3500
2003-04-30,633.4200
2003-05-31,669.9300
2003-06-30,713.5200
2003-07-31,759.4700
2003-08-31,697.5200
2003-09-30,782.3600
2003-10-31,796.1800
2003-11-30,810.7100
2003-12-31,848.5000
2004-01-31,883.4200
2004-02-29,880.5000
2004-03-31,862.8400
2004-04-30,803.8400
2004-05-31,785.7900
2004-06-30,735.3400
2004-07-31,803.5700
2004-08-31,835.0900
2004-09-30,834.8400
2004-10-31,878.0600
2004-11-30,895.9200
2004-12-31,932.7000
2005-01-31,1011.3600
2005-02-28,965.6800
2005-03-31,911.3000
2005-04-30,970.2100
2005-05-31,1008.1600
2005-06-30,1111.2900
2005-07-31,1083.3300
2005-08-31,1221.0100
2005-09-30,1158.1100
2005-10-31,1297.4399
2005-11-30,1379.3700
2005-12-31,1399.8300
2006-01-31,1371.5900
2006-02-28,1359.6000
2006-03-31,1419.7300
2006-04-30,1317.7000
2006-05-31,1295.1500
2006-06-30,1297.8199
2006-07-31,1352.7400
2006-08-31,1371.4100
2006-09-30,1364.5500
2006-10-31,1432.2100
2006-11-30,1434.4600
2006-12-31,1360.2300
2007-01-31,1417.3400
2007-02-28,1452.5500
2007-03-31,1542.2400
2007-04-30,1700.9100
2007-05-31,1743.6000
2007-06-30,1933.2700
2007-07-31,1873.2400
2007-08-31,1946.4800
2007-09-30,2064.8501
2007-10-31,1906.0000
2007-11-30,1897.1300
2007-12-31,1624.6801
2008-01-31,1711.6200
2008-02-29,1703.9900
2008-03-31,1825.4700
2008-04-30,1852.0200
2008-05-31,1674.9200
2008-06-30,1594.6700
2008-07-31,1474.2400
2008-08-31,1448.0601
2008-09-30,1113.0601
2008-10-31,1076.0699
2008-11-30,1124.4700
2008-12-31,1162.1100
2009-01-31,1063.0300
2009-02-28,1206.2600
2009-03-31,1369.3600
2009-04-30,1395.8900
2009-05-31,1390.0699
2009-06-30,1557.2900
2009-07-31,1591.8500
2009-08-31,1673.1400
2009-09-30,1580.6899
2009-10-31,1555.6000
2009-11-30,1682.7700
2009-12-31,1602.4301
2010-01-31,1594.5800
2010-02-28,1692.8500
2010-03-31,1741.5601
2010-04-30,1641.2500
2010-05-31,1698.2900
2010-06-30,1759.3300
2010-07-31,1742.7500
2010-08-31,1872.8101
2010-09-30,1882.9500
2010-10-31,1904.6300
2010-11-30,2051.0000
2010-12-31,2069.7300
2011-01-31,1939.3000
2011-02-28,2106.7000
2011-03-31,2192.3601
2011-04-30,2142.4700
2011-05-31,2100.6899
2011-06-30,2133.2100
2011-07-31,1880.1100
2011-08-31,1769.6500
2011-09-30,1909.0300
2011-10-31,1847.5100
2011-11-30,1825.7400
2011-12-31,1955.7900
2012-01-31,2030.2500
2012-02-29,2014.0400
2012-03-31,1981.9900
2012-04-30,1843.4700
2012-05-31,1854.0100
2012-06-30,1881.9900
2012-07-31,1905.1200
2012-08-31,1996.2100
2012-09-30,1912.0601
2012-10-31,1932.9000
2012-11-30,1997.0500
2012-12-31,1961.9399
2013-01-31,2026.4900
2013-02-28,2004.8900
2013-03-31,1963.9500
2013-04-30,2001.0500
2013-05-31,1863.3199
2013-06-30,1914.0300
2013-07-31,1926.3600
2013-08-31,1996.9600
2013-09-30,2030.0900
2013-10-31,2044.8700
2013-11-30,2011.3400
2013-12-31,1941.1500
2014-01-31,1979.9900
2014-02-28,1985.6100
2014-03-31,1961.7900
2014-04-30,1994.9600
2014-05-31,2002.2100
2014-06-30,2076.1201
2014-07-31,2068.5400
2014-08-31,2020.0900
2014-09-30,1964.4301
2014-10-31,1980.7800
2014-11-30,1915.5900
2014-12-31,1949.2600
2015-01-31,1985.8000
2015-02-28,2041.0300
2015-03-31,2127.1699
2015-04-30,2114.8000
2015-05-31,2074.2000
2015-06-30,2030.1600
2015-07-31,1941.4900
2015-08-31,1962.8101
2015-09-30,2029.4700
2015-10-31,1991.9700
2015-11-30,1961.3101
2015-12-31,1912.0601
2016-01-31,1916.6600
2016-02-29,1995.8500
2016-03-31,1994.1500
2016-04-30,1983.4000
2016-05-31,1970.3500
2016-06-30,2016.1899
2016-07-31,2034.6500
2016-08-31,2043.6300
2016-09-30,2008.1899
2016-10-31,1983.4800
2016-11-30,2026.4600
2016-12-31,2067.5701
2017-01-31,2091.6399
2017-02-28,2160.2300
2017-03-31,2205.4399
2017-04-30,2347.3799
2017-05-31,2391.7900
2017-06-30,2402.7100
2017-07-31,2363.1899
2017-08-31,2394.4700
2017-09-30,2523.4299
2017-10-31,2476.3701
2017-11-30,2467.4900
2017-12-31,2566.4600
2018-01-31,2427.3601
2018-02-28,2445.8501
2018-03-31,2515.3799
2018-04-30,2423.0100
2018-05-31,2326.1299
2018-06-30,2295.2600
2018-07-31,2322.8799
2018-08-31,2343.0701
2018-09-30,2029.6899
2018-10-31,2096.8601
2018-11-30,2041.0400
2018-12-31,2204.8501
2019-01-31,2195.4399
2019-02-28,2140.6699
2019-03-31,2203.5901
2019-04-30,2041.7400
2019-05-31,2130.6201
2019-06-30,2024.5500
2019-07-31,1967.7900
2019-08-31,2063.0500
2019-09-30,2083.4800
2019-10-31,2087.9600
2019-11-30,2197.6699
2019-12-31,2119.0100
2020-01-31,1987.0100
2020-02-29,1754.6400
2020-03-31,1947.5601
2020-04-30,2029.6000
2020-05-31,2108.3301
2020-06-30,2249.3701
2020-07-31,2326.1699
2020-08-31,2327.8899
2020-09-30,2267.1499
2020-10-31,2591.3401
2020-11-30,2873.4700
2020-12-31,2976.2100
2021-01-31,3012.9500
2021-02-28,3061.4199
2021-03-31,3147.8601
2021-04-30,3203.9199
2021-05-31,3296.6799
2021-06-30,3202.3201
2021-07-31,3199.2700
2021-08-31,3068.8201
2021-09-30,2970.6799
2021-10-31,2839.0100
2021-11-30,2977.6499
2021-12-31,2663.3401
2022-01-31,2699.1799
2022-02-28,2757.6499
2022-03-31,2695.0500
2022-04-30,2685.8999
2022-05-31,2332.6399
2022-06-30,2451.5000
2022-07-31,2472.0500
2022-08-31,2155.4900
2022-09-30,2293.6101
2022-10-31,2472.5300
2022-11-30,2236.3999
2022-12-31,2425.0801
2023-01-31,2412.8501
2023-02-28,2476.8601
2023-03-31,2501.5300
2023-04-30,2577.1201
2023-05-31,2564.2800
2023-06-30,2632.5801
2023-07-31,2556.2700
2023-08-31,2465.0701
2023-09-30,2277.9900
2023-10-31,2535.2900
2023-11-30,2655.2800
2023-12-31,2497.0901
2024-01-31,2642.3601
2024-02-29,2746.6299
2024-03-31,2692.0601
2024-04-30,2636.5200
2024-05-31,2797.8201
2024-06-30,2770.6899
2024-07-31,2674.3101
2024-08-31,2593.2700
2024-09-30,2556.1499
2024-10-31,2455.9099
2024-11-30,2399.4900
2024-12-31,2517.3701
2025-01-31,2532.7800
2025-02-28,2481.1201
2025-03-31,2556.6101
2025-04-30,2697.6699
2025-05-31,3071.7000
2025-06-30,3245.4399
2025-07-31,3186.0100
2025-08-31,3424.6001
2025-09-30,4107.5000
2025-10-31,3926.5901
2025-11-30,4214.1699
2025-12-31,5224.3599
2026-01-31,6244.1299
2026-02-28,5052.4600
2026-03-31,6598.8701
2026-04-30,8476.1504
2026-05-31,8476.4805
2026-06-30,6595.4502
2026-07-31,6788.8799
