2000-11-01,1321.0000
2000-12-01,1327.0000
2001-01-01,1373.5000
2001-02-01,1242.0000
2001-03-01,1174.0000
2001-05-01,1254.5000
2001-06-01,1237.7500
2001-08-01,1138.5000
2001-09-01,1043.7500
2001-10-01,1056.2500
2001-11-01,1135.2500
2001-12-01,1149.2500
2002-01-01,1130.5000
2002-02-01,1107.0000
2002-03-01,1144.7500
2002-04-01,1076.0000
2002-05-01,1064.0000
2002-06-01,988.0000
2002-07-01,908.0000
2002-08-01,912.2500
2002-10-01,885.5000
2002-11-01,936.0000
2003-01-01,854.7500
2003-02-01,841.0000
2003-03-01,847.0000
2003-04-01,916.0000
2003-05-01,963.2500
2003-07-01,989.2500
2003-08-01,1007.7500
2003-09-01,994.0000
2003-10-01,1049.5000
2003-11-01,1057.7500
2003-12-01,1110.5000
2004-01-01,1130.0000
2004-03-01,1125.0000
2004-04-01,1106.0000
2004-05-01,1121.5000
2004-06-01,1140.5000
2004-07-01,1101.0000
2004-09-01,1115.0000
2004-10-01,1130.2500
2004-11-01,1174.0000
2004-12-01,1213.7500
2005-01-01,1181.7500
2005-02-01,1204.0000
2005-03-01,1184.0000
2005-04-01,1158.5000
2005-06-01,1195.5000
2005-07-01,1236.7500
2005-08-01,1221.5000
2005-09-01,1234.2500
2005-10-01,1209.7500
2005-11-01,1251.0000
2005-12-01,1254.7500
2006-02-01,1282.5000
2006-03-01,1307.5000
2006-04-01,1316.0000
2006-05-01,1272.0000
2006-06-01,1279.5000
2006-07-01,1281.7500
2006-08-01,1305.5000
2006-09-01,1345.5000
2006-11-01,1403.0000
2006-12-01,1428.5000
2007-01-01,1443.0000
2007-02-01,1409.0000
2007-03-01,1431.2500
2007-05-01,1533.0000
2007-06-01,1515.5000
2007-08-01,1476.7500
2007-09-01,1538.0000
2007-10-01,1555.0000
2007-11-01,1483.7500
2007-12-01,1477.2500
2008-01-01,1379.5000
2008-02-01,1331.2500
2008-03-01,1324.0000
2008-04-01,1386.0000
2008-05-01,1400.5000
2008-07-01,1267.0000
2008-08-01,1282.5000
2008-09-01,1169.0000
2008-10-01,967.2500
2008-11-01,895.2500
2008-12-01,900.0000
2009-01-01,822.5000
2009-04-01,870.0000
2009-05-01,918.0000
2009-06-01,915.5000
2009-07-01,984.5000
2009-08-01,1019.7500
2009-09-01,1053.0000
2009-10-01,1033.0000
2009-12-01,1110.7500
2010-01-01,1070.5000
2010-02-01,1103.5000
2010-03-01,1165.2500
2010-04-01,1183.5000
2010-05-01,1088.5000
2010-06-01,1026.5000
2010-07-01,1098.2500
2010-09-01,1136.7500
2010-10-01,1179.7500
2010-11-01,1179.5000
2010-12-01,1253.0000
2011-01-01,1282.5000
2011-02-01,1326.0000
2011-03-01,1321.0000
2011-04-01,1359.7500
2011-06-01,1315.5000
2011-07-01,1288.5000
2011-08-01,1217.7500
2011-09-01,1126.0000
2011-10-01,1249.2500
2011-11-01,1246.0000
2011-12-01,1252.5000
2012-02-01,1364.5000
2012-03-01,1403.2500
2012-05-01,1309.2500
2012-06-01,1356.5000
2012-08-01,1405.0000
2012-09-01,1434.2500
2012-10-01,1406.7500
2012-11-01,1414.5000
2012-12-01,1420.0000
2013-01-01,1493.2500
2013-02-01,1513.2500
2013-03-01,1562.7500
2013-04-01,1592.2500
2013-05-01,1629.0000
2013-06-01,1599.2500
2013-07-01,1680.5000
2013-08-01,1631.2500
2013-10-01,1751.0000
2013-11-01,1804.0000
2014-01-01,1776.5000
2014-02-01,1857.5000
2014-03-01,1864.5000
2014-04-01,1878.0000
2014-05-01,1921.5000
2014-07-01,1924.7500
2014-08-01,2001.5000
2014-09-01,1965.5000
2014-10-01,2011.5000
2014-11-01,2066.2500
2014-12-01,2052.5000
2015-01-01,1988.5000
2015-04-01,2079.0000
2015-05-01,2106.0000
2015-06-01,2054.5000
2015-07-01,2098.5000
2015-08-01,1969.2500
2015-09-01,1908.7500
2015-10-01,2073.7500
2015-12-01,2035.5000
2016-01-01,1930.0000
2016-02-01,1929.5000
2016-03-01,2051.5000
2016-04-01,2059.0000
2016-06-01,2090.2500
2016-07-01,2168.2500
2016-08-01,2169.5000
2016-09-01,2160.5000
2016-10-01,2120.0000
2016-11-01,2198.7500
2016-12-01,2236.2500
2017-02-01,2362.7500
2017-03-01,2359.2500
2017-04-01,2380.5000
2017-05-01,2411.0000
2017-06-01,2421.0000
2017-07-01,2468.0000
2017-08-01,2470.0000
2017-09-01,2516.0000
2017-11-01,2648.0000
2017-12-01,2676.0000
2018-01-01,2825.7500
2018-02-01,2714.5000
2018-03-01,2643.0000
2018-05-01,2705.5000
2018-06-01,2721.5000
2018-08-01,2902.0000
2018-09-01,2919.0000
2018-10-01,2711.0000
2018-11-01,2758.2500
2018-12-01,2505.2500
2019-01-01,2704.5000
2019-02-01,2784.7500
2019-03-01,2837.7500
2019-04-01,2948.5000
2019-05-01,2752.5000
2019-06-01,2944.2500
2019-07-01,2982.2500
2019-08-01,2924.7500
2019-10-01,3035.7500
2019-11-01,3143.7500
2020-01-01,3224.0000
2020-02-01,2951.0000
2020-04-01,2902.5000
2020-05-01,3042.0000
2020-06-01,3090.2500
2020-07-01,3263.5000
2020-08-01,3499.0000
2020-09-01,3352.0000
2020-10-01,3264.7500
2020-12-01,3748.7500
2021-01-01,3705.2500
2021-02-01,3809.2500
2021-03-01,3967.5000
2021-04-01,4174.5000
2021-05-01,4202.5000
2021-06-01,4288.5000
2021-07-01,4389.5000
2021-09-01,4297.7500
2021-10-01,4597.0000
2021-11-01,4566.2500
2021-12-01,4758.5000
2022-01-01,4504.2500
2022-02-01,4368.0000
2022-03-01,4530.7500
2022-04-01,4127.5000
2022-06-01,3789.5000
2022-07-01,4133.5000
2022-08-01,3956.5000
2022-09-01,3601.5000
2022-10-01,3883.0000
2022-11-01,4081.2500
2022-12-01,3861.0000
2023-02-01,3975.5000
2023-03-01,4137.7500
2023-04-01,4188.5000
2023-05-01,4190.5000
2023-06-01,4488.2500
2023-07-01,4614.5000
2023-08-01,4516.0000
2023-09-01,4325.5000
2023-11-01,4576.7500
2023-12-01,4820.0000
2024-01-01,4870.5000
2024-02-01,5103.7500
2024-03-01,5308.5000
2024-04-01,5067.0000
2024-05-01,5295.5000
2024-06-01,5521.5000
2024-07-01,5558.0000
2024-08-01,5661.0000
2024-10-01,5738.5000
2024-11-01,6051.5000
2025-01-01,6067.2500
2025-02-01,5963.2500
2025-03-01,5653.2500
2025-04-01,5587.0000
2025-05-01,5916.0000
2025-07-01,6374.2500
2025-08-01,6472.7500
2025-09-01,6738.7500
2025-10-01,6874.0000
2025-11-01,6859.5000
2025-12-01,6892.5000
2026-01-01,6965.7500
2026-04-01,7243.7500
2026-05-01,7595.7500
2026-06-01,7548.2500
2026-07-01,7519.2500
2026-08-01,7699.0000
2026-09-01,7676.5000
2026-09-03,7754.0000
